description,part_numbers,times_billed,qty_total,sell_min,sell_max,sell_last,last_date,example
WIRE LUBE,,12,14.0,14.51,14.51,14.51,2026-09-08,Wire lube
NITROGEN,,9,15.0,49.3,49.3,49.3,2026-09-03,Nitrogen
3/4 UNION,,8,11.0,31.33,44.75,44.74,2026-09-10,"3/4"" Union"
GUP BOX,,7,9.0,115.14,123.69,121.0,2026-09-02,GUP Box
REBAR,,7,1048.0,0.73,0.85,0.85,2026-09-02,Rebar
SENSOR WIRE,,6,1600.0,0.24,1.1,1.1,2026-09-02,Sensor Wire
CONCRETE 80LBS,,4,139.0,7.78,8.41,7.78,2026-04-29,Concrete 80lbs
GRAVEL,,4,10.0,7.09,188.6,188.6,2026-08-04,Gravel
3/4 COUPLING,,4,4.0,9.04,11.6,11.6,2026-09-10,"3/4"" Coupling"
ACETONE,,4,3.5,24.19,25.82,24.19,2026-09-03,Acetone
CONDUIT CLEAR 45,,4,5.0,17.97,19.3,17.97,2026-09-08,Conduit clear 45%
PAINT BRUSH,,4,13.0,2.18,24.66,6.48,2026-09-02,Paint Brush
3/4 X CLOSE,,3,4.0,1.93,1.94,1.93,2026-09-10,"3/4"" X Close"
3/4 X 6 NIPPLE,,3,4.0,3.66,5.46,5.46,2026-06-26,"3/4"" X 6"" Nipple"
POWER WIRE,,3,2000.0,0.42,0.42,0.42,2026-05-12,Power Wire
3/4 SEAL OFF,,3,4.0,28.67,45.22,40.02,2026-08-04,"3/4"" Seal Off"
3/4 PULL 90,,3,9.0,39.5,39.79,39.79,2026-09-03,"3/4"" Pull 90"
3/4 X 1/2 REDUCER,,3,5.0,1.89,2.4,2.4,2026-09-10,"3/4'' x 1/2"" Reducer"
4 X 6 BLACK STEEL NIPPLE,,3,3.0,34.36,38.84,38.84,2026-09-14,"4"" x 6"" Black Steel Nipple"
CONCRETE 60LBS,,3,22.0,6.3,6.3,6.3,2026-09-02,Concrete 60lbs
BONDO,,3,5.0,29.12,77.98,29.12,2026-09-02,Bondo
2 X CLOSE,,2,6.0,5.89,8.03,8.03,2026-06-25,"2"" X Close"
SEAL OFF,,2,3.0,28.67,38.36,38.36,2026-07-06,Seal Off
3/4 UNIONS,,2,5.0,44.74,44.75,44.74,2026-04-29,"3/4"" Unions"
3/4 X 12 NIPPLE,,2,4.0,9.18,20.7,20.7,2026-09-10,"3/4"" X 12"" Nipple"
3/4 SHOULDER,,2,5.0,3.36,3.67,3.36,2026-09-02,"3/4"" Shoulder"
3/4 X 10 NIPPLE,,2,3.0,8.72,8.72,8.72,2026-09-10,"3/4"" X 10"" Nipple"
SEAL OFFS,,2,4.0,28.67,28.67,28.67,2026-04-29,Seal Offs
3/4 X SHOULDER,,2,3.0,2.22,2.22,2.22,2026-04-29,"3/4"" X Shoulder"
GUP,,2,2.0,123.69,123.69,123.69,2026-06-09,GUP
PULL STRING,,2,100.0,0.05,25.97,0.05,2026-04-29,Pull String
3/4 X 8 NIPPLE,,2,2.0,6.9,10.42,6.9,2026-04-29,"3/4"" X 8"" Nipple"
3/4 X 1/2 BUSHING,,2,4.0,1.9,2.19,1.9,2026-09-03,"3/4"" X 1/2"" Bushing"
12 AWG WIRE,,2,1540.0,0.42,0.42,0.42,2026-08-07,12 AWG Wire
ELECTRICAL MATERIAL,,2,2.0,173.52,431.74,431.74,2026-05-22,Electrical material
FAST FUSE,,2,2.0,94.01,124.8,94.01,2026-05-06,Fast Fuse
CONDUIT CLEAR VINAGER 45,,2,3.0,18.92,18.92,18.92,2026-06-23,Conduit clear - vinager 45%
VR WIRE,,2,380.0,1.1,1.1,1.1,2026-06-02,VR wire
VINEGAR,,2,5.0,17.94,20.32,17.94,2026-09-02,Vinegar
2 90 S,,2,4.0,9.4,15.65,9.4,2026-06-16,"2"" 90's"
2 TEE,,2,2.0,24.14,24.14,24.14,2026-06-25,"2"" Tee"
UDC SENSOR GUIDE,,2,2.0,119.98,119.98,119.98,2026-07-22,UDC sensor guide
1 1/2 GALV UNION,,2,2.0,24.31,26.0,24.31,2026-07-27,"1-1/2"" GALV Union"
ADHESIVE KIT,GRD-60120101; GRD-60210101,2,3.0,48.3,48.3,48.3,2026-09-03,Adhesive Kit (GRD-60120101)
3/4 90,,2,5.0,39.79,39.79,39.79,2026-09-10,"3/4"" 90"
4 X 4 NIPPLE,,2,2.0,26.83,26.83,26.83,2026-07-20,"4"" x 4"" Nipple"
4 X 12 BLACK STEEL NIPPLE,,2,2.0,52.97,52.97,52.97,2026-07-21,"4"" x 12"" Black Steel Nipple"
3/4 X CLOSE NIPPLE,,2,4.0,2.2,2.2,2.2,2026-08-04,"3/4"" X Close Nipple"
CONDUIT CLEAR 45 VINAGER,,2,6.0,18.92,18.92,18.92,2026-08-04,Conduit clear - 45% vinager
SANDING DISC,,2,2.0,18.17,18.17,18.17,2026-08-11,Sanding Disc
PAINT ROLLER,,2,3.0,3.75,4.36,4.36,2026-09-02,Paint Roller
3/4 X 6 FITTING,,2,4.0,5.47,5.47,5.47,2026-09-03,"3/4"" x 6"" Fitting"
BRAVO EPOXY KIT,,1,2.0,54.99,54.99,54.99,2026-03-16,Bravo Epoxy Kit
2 X 3 NIPPLE,,1,1.0,6.11,6.11,6.11,2026-03-16,"2"" X 3"" Nipple"
2 X 90,,1,1.0,12.28,12.28,12.28,2026-03-16,"2"" X 90"
3 X CLOSE NIPPLE,,1,3.0,1.94,1.94,1.94,2026-03-16,"3"" X Close Nipple"
CHICO,,1,1.0,55.2,55.2,55.2,2026-03-16,Chico
REBAR TIES,,1,6.0,1.88,1.88,1.88,2026-03-16,Rebar Ties
ADVANTI 202,,1,27.0,59.59,59.59,59.59,2026-03-16,Advanti 202
FISH TAPE,,1,2.0,32.47,32.47,32.47,2026-03-17,Fish Tape
3/4 X 90,,1,2.0,30.09,30.09,30.09,2026-03-17,"3/4"" X 90"
4 LOCKING FILL CAP,GRD-OPW634TT-7085,1,1.0,27.04,27.04,27.04,2026-03-17,"4"" Locking Fill Cap (GRD-OPW634TT-7085)"
WHITE OPW LID,GRD-RTC-WHITE,1,2.0,95.5,95.5,95.5,2026-03-17,White OPW Lid (GRD-RTC-WHITE)
BLACK RING,GRD-RTR-BLACK,1,2.0,180.21,180.21,180.21,2026-03-17,Black Ring (GRD-RTR-BLACK)
6 OBSERVATION LID GRD OPW WTS OPC,,1,1.0,36.23,36.23,36.23,2026-03-17,"6"" Observation Lid (GRD-OPW-WTS-OPC"
REFURBISHED MULTIPORT LID,,1,1.0,1175.59,1175.59,1175.59,2026-03-17,Refurbished multiport lid
3/4 X 3 NIPPLE,,1,1.0,3.81,3.81,3.81,2026-03-18,"3/4"" X 3"" Nipple"
CAPPED 90,,1,1.0,38.88,38.88,38.88,2026-03-18,Capped 90
4 X 18 NIPPLE,,1,2.0,84.44,84.44,84.44,2026-03-19,"4"" X 18"" Nipple"
BLACK STEEL NIPPLE,,1,1.0,3.25,3.25,3.25,2026-03-19,Black steel nipple
1 1/2 CAPS GALV,,1,6.0,5.83,5.83,5.83,2026-03-19,"1-1/2"" Caps Galv"
1 1/2 PLUGS GALV,,1,4.0,6.26,6.26,6.26,2026-03-19,"1-1/2"" Plugs Galv"
UDC COVER,,1,4.0,197.83,197.83,197.83,2026-03-19,UDC cover
1 1/2 90,,1,1.0,6.77,6.77,6.77,2026-03-19,"1-1/2"" 90"
1 1/2 X 6 NIPPLE,,1,1.0,7.81,7.81,7.81,2026-03-19,"1-1/2"" X 6"" Nipple"
1 1/2 X 4 NIPPLE,,1,1.0,8.5,8.5,8.5,2026-03-19,"1-1/2"" X 4"" Nipple"
1 1/2 UNION,,1,1.0,21.23,21.23,21.23,2026-03-19,"1-1/2"" Union"
2 GALVANIZED UNION,,1,1.0,30.92,30.92,30.92,2026-03-23,"2"" Galvanized Union"
CAMERA 2/12/26,,1,1.0,1137.5,1137.5,1137.5,2026-03-23,Camera 2/12/26
CAMERA 2/19/26,,1,1.0,487.5,487.5,487.5,2026-03-23,Camera 2/19/26
HOTEL,,1,1.0,191.75,191.75,191.75,2026-03-23,Hotel
1 1/2 X 11 STEEL NIPPLE,,1,1.0,12.94,12.94,12.94,2026-04-13,"1-1/2"" X 11"" Steel Nipple"
TERMINATION TEST KITS FRP,,1,26.0,29.91,29.91,29.91,2026-04-13,Termination test kits FRP
GRD STPTERMKITFRP,,1,2.0,29.91,29.91,29.91,2026-04-14,GRD-STPTERMKITFRP
PULL BEHIND AC,,1,2.0,18.92,18.92,18.92,2026-04-16,Pull behind AC
GIL M14330A001,,1,1.0,1853.89,1853.89,1853.89,2026-04-21,GIL-M14330A001 (Verifone card reader)
GIL M13888K901,,1,1.0,2078.13,2078.13,2078.13,2026-04-21,GIL-M13888K901 (UPM)
OPW NON VAP BREAKAWAY,NOZ-OPW66REC-1000,1,2.0,54.03,54.03,54.03,2026-04-21,OPW Non VAP Breakaway (NOZ-OPW66REC-1000)
OPW NON VAP SWIVEL,NOZ-OPW241TPS-024,1,2.0,22.75,22.75,22.75,2026-04-21,OPW NON VAP Swivel (NOZ-OPW241TPS-024)
OPW 11B 0100 GREEN NOZZLE,NOZ-OPW11B-0100,1,2.0,64.11,64.11,64.11,2026-04-21,OPW 11B-0100 Green Nozzle (NOZ-OPW11B-0100)
WHIP HOSE,124021,1,2.0,14.98,14.98,14.98,2026-04-21,Whip Hose (124021)
HOSE,124285,1,2.0,52.42,52.42,52.42,2026-04-21,Hose (124285)
GREEN SPLASHGUARD OPW8G 0100,,1,2.0,5.91,5.91,5.91,2026-04-21,Green splashguard OPW8G-0100
CONCRETE ANCHORS,,1,4.0,6.24,6.24,6.24,2026-04-21,Concrete Anchors
END RUNS,,1,18.0,29.91,29.91,29.91,2026-04-22,End Runs
OPW BARB FITTINGS CLAMSHELLS,,1,2.0,349.83,349.83,349.83,2026-04-22,OPW Barb Fittings Clamshells
IBOND,,1,1.0,64.8,64.8,64.8,2026-04-22,Ibond
4 BLACK STEEL PIPE,,1,14.0,26.14,26.14,26.14,2026-04-22,"4"" Black Steel pipe"
SELF LEVELING CAULK,,1,3.0,13.82,13.82,13.82,2026-04-22,Self Leveling Caulk
PRIMER,,1,1.0,16.89,16.89,16.89,2026-04-22,Primer
1 1/2 X 1 1/4 STAINLESS STEEL BUSHING,,1,2.0,18.59,18.59,18.59,2026-04-23,"1-1/2"" x 1-1/4"" Stainless Steel Bushing"
1 1/4 X 1 STAINLESS STEEL BUSHING,,1,2.0,15.68,15.68,15.68,2026-04-23,"1-1/4"" X 1"" Stainless Steel Bushing"
1 1/2 DEF SHEAR VALVE STAINLESS STEEL,,1,2.0,293.89,293.89,293.89,2026-04-23,"1-1/2"" DEF Shear Valve stainless steel"
DF FST 16 1 INCH DEF TRAC STAINLESS STEEL FIELD ATTACHABLE FITTING,,1,2.0,180.55,180.55,180.55,2026-04-23,DF-FST-16 1 Inch Def-Trac Stainless Steel Field Attachable Fitting
DF BTNP 16KT 1 INCH DEF TRAC BOOT KIT NUT/ PIPE,,1,2.0,121.43,121.43,121.43,2026-04-23,DF-BTNP-16KT 1 Inch Def-Trac Boot Kit - Nut/ Pipe
DF BTHP 16KT 1 INCH DEF TRAC BOOT KIT HEAT TRACE BUNDLE/ PIPE,,1,2.0,211.45,211.45,211.45,2026-04-23,DF-BTHP-16KT 1 Inch Def-Trac Boot Kit - Heat Trace Bundle/ Pipe
DF SCTK 1D THREAD SEALANT PRIMER DRIPSTOP 50 4 OUNCE,,1,1.0,50.67,50.67,50.67,2026-04-23,DF-SCTK-1D Thread Sealant Primer - Dripstop 50 - 4 Ounce
DF TS940 250 THREAD SEALANT DRIPSTOP 940 250 MILLILITER,,1,1.0,149.19,149.19,149.19,2026-04-23,DF-TS940-250 Thread Sealant - Dripstop 940 - 250 Milliliter
TEST HOSES TERMINATION,,1,2.0,29.91,29.91,29.91,2026-04-23,Test hoses - termination
CONDUIT CLEAR,,1,1.0,18.92,18.92,18.92,2026-04-28,Conduit clear (Vinager 45%)
NIPPLES,,1,1.0,7.96,7.96,7.96,2026-04-29,Nipples
3 X 3 NIPPLE,,1,1.0,2.9,2.9,2.9,2026-04-29,"3"" X 3"" Nipple"
LOCK OUT TAG OUT KITS,,1,6.0,10.16,10.16,10.16,2026-05-12,Lock Out Tag Out Kits
LOCK OUT TAG OUT LOCKS,,1,8.0,9.28,9.28,9.28,2026-05-12,Lock Out Tag Out locks (6 lock outs and 2 fills)
1 5 CAPS,,1,5.0,5.83,5.83,5.83,2026-05-12,"1.5"" caps"
1 5 PLUGS,,1,1.0,6.26,6.26,6.26,2026-05-12,"1.5"" plugs"
UDC COVERS,,1,2.0,197.83,197.83,197.83,2026-05-12,UDC covers
VINAGER 45,,1,1.0,18.92,18.92,18.92,2026-05-12,Vinager 45%
STP TERMINATION KIT FLEX GRD STPTERMKITFLEX,,1,4.0,30.69,30.69,30.69,2026-05-13,STP termination kit Flex - GRD-STPTERMKITFlex
JUMPER KIT FLEX GRD JUMPERKITFLEX,,1,2.0,28.6,28.6,28.6,2026-05-13,Jumper kit Flex - GRD-JUMPERKITFlex
FABRICATED DISPENSER STAND,,1,1.0,97.98,97.98,97.98,2026-05-18,Fabricated Dispenser Stand
STP TERMINATION KIT FRP GRD STPTERMKITFRP,,1,8.0,29.91,29.91,29.91,2026-05-19,STP termination kit FRP - GRD-STPTERMKITFRP
COMBANATION LOCK FOR FILL,,1,1.0,9.28,9.28,9.28,2026-05-20,Combanation lock for fill
4 NIPPLE,,1,1.0,27.84,27.84,27.84,2026-05-20,"4"" nipple"
4 CAP,,1,1.0,25.2,25.2,25.2,2026-05-20,"4"" cap"
2 CAP,,1,1.0,7.21,7.21,7.21,2026-05-20,"2"" cap"
2 PLUG,,1,2.0,8.07,8.07,8.07,2026-05-20,"2"" plug"
LOTO LOCK OUT DEVISE,,1,1.0,7.62,7.62,7.62,2026-05-20,LOTO lock out devise
LOTO LOCK,,1,1.0,1.27,1.27,1.27,2026-05-20,Loto lock
LOTO CARD,,1,1.0,4.03,4.03,4.03,2026-05-20,Loto card
1 5 HARD PIPE,,1,1.0,168.86,168.86,168.86,2026-05-22,"1.5"" hard pipe"
OPW VAPOR SHEAR VALVE GRD OPW60VSP 1001,,1,1.0,142.55,142.55,142.55,2026-05-22,OPW Vapor Shear Valve GRD-OPW60VSP-1001
ECO NOZZLE VAPOR VAC,,1,2.0,257.21,257.21,257.21,2026-05-22,Eco nozzle Vapor vac
LOW PERM HOSE VAPOR VAC,,1,2.0,213.31,213.31,213.31,2026-05-22,Low perm hose Vapor vac
LOW PERM WHIP HOSE VAPOR VAC,,1,2.0,99.46,99.46,99.46,2026-05-22,Low perm whip hose Vapor vac
BREAKAWAY VAPOR VAC,,1,2.0,91.5,91.5,91.5,2026-05-22,Breakaway Vapor vac
4X4 COVER AND MOUNTING,,1,1.0,72.27,72.27,72.27,2026-05-27,"4x4, cover, and mounting"
LCX 4 CLAM SHELL,,1,1.0,330.06,330.06,330.06,2026-05-29,"LCX 4"" Clam Shell"
PSX ADHESIVE KIT,GRD-60210101,1,2.0,48.3,48.3,48.3,2026-05-29,PSX Adhesive Kit (GRD-60210101)
CAULK,,1,4.0,7.12,7.12,7.12,2026-06-04,Caulk
SCREWS 12 X 3/4,,1,4.0,11.67,11.67,11.67,2026-06-04,Screws #12 x 3/4
SCREWS 1/4 X 2,,1,1.0,11.67,11.67,11.67,2026-06-04,Screws 1/4 x 2
2 45 S,,1,2.0,15.65,15.65,15.65,2026-06-09,2'' 45's
2 NIPPLES,,1,1.0,46.72,46.72,46.72,2026-06-09,"2"" nipples"
2 COUPLING,,1,1.0,14.46,14.46,14.46,2026-06-09,"2"" Coupling"
3/4 NIPPLES,,1,1.0,16.19,16.19,16.19,2026-06-09,"3/4"" nipples"
6 X 4 STEEL PIPE,,1,1.0,34.36,34.36,34.36,2026-06-15,"6"" x 4"" Steel Pipe"
6OZ PSX 20 SINGLE ADHESIVE KIT 60210101,,1,2.0,48.3,48.3,48.3,2026-06-17,6oz PSX-20 Single Adhesive Kit - 60210101
SANDING KIT,,1,1.0,19.65,19.65,19.65,2026-06-17,Sanding kit
FIBERGLASS RESIN,,1,1.0,73.8,73.8,73.8,2026-06-17,Fiberglass resin
MIXING CONTAINER,,1,1.0,4.9,4.9,4.9,2026-06-17,Mixing container
2 X 3 GALV,,1,1.0,7.93,7.93,7.93,2026-06-18,"2"" x 3"" GALV"
UNION,,1,1.0,25.23,25.23,25.23,2026-06-18,Union
2 X 4 GALV,,1,1.0,7.54,7.54,7.54,2026-06-18,"2"" x 4"" GALV"
90 S,,1,3.0,12.27,12.27,12.27,2026-06-18,90's
CLOSE NIPPLE,,1,1.0,5.89,5.89,5.89,2026-06-18,Close Nipple
12 GUAGE WIRE,,1,225.0,0.41,0.41,0.41,2026-06-22,12 Guage Wire
WHITE VINEGAR,,1,2.0,18.92,18.92,18.92,2026-06-22,White Vinegar (DSP-WHITE VINEGAR)
L BOX GLRB75,,1,1.0,103.2,103.2,103.2,2026-06-23,L Box GLRB75
3/4 COMPRESSION COUPLING,,1,1.0,9.57,9.57,9.57,2026-06-23,"3/4"" Compression Coupling"
1 1/2 3/4 NIPPLE,,1,1.0,3.36,3.36,3.36,2026-06-23,"1-1/2""-3/4"" Nipple"
TYVEK SUIT,,1,2.0,22.07,22.07,22.07,2026-06-23,Tyvek Suit
4 X 6 NIPPLE BLK STL,,1,2.0,34.36,34.36,34.36,2026-06-25,"4"" X 6"" Nipple BLK STL"
4 X 18 BLK STL,,1,1.0,83.3,83.3,83.3,2026-06-25,"4"" x 18"" BLK STL"
2 UNION,,1,3.0,23.0,23.0,23.0,2026-06-25,"2"" Union"
2 90,,1,4.0,8.55,8.55,8.55,2026-06-25,"2"" 90"
2 X 8,,1,2.0,18.55,18.55,18.55,2026-06-25,"2"" x 8"""
2 X 5,,1,2.0,9.26,9.26,9.26,2026-06-25,"2"" x 5"""
2 INCH PRIMARY ADAPTER BELL X MALE NPT 012020 191 4,,1,1.0,32.69,32.69,32.69,2026-06-25,2 Inch Primary Adapter Bell X Male NPT - 012020-191-4
2 INCH X 12 INCH FIRESHIELD STAINLESS STEEL FLEX FSMS120200,,1,1.0,251.24,251.24,251.24,2026-06-25,2 Inch x 12 Inch FireShield Stainless Steel Flex - FSMS120200
3/4 X 3,,1,1.0,4.44,4.44,4.44,2026-06-26,"3/4"" x 3"""
1 1/2 X 11 NIPPLE,,1,2.0,19.95,19.95,19.95,2026-06-26,"1-1/2"" x 11"" Nipple"
1 1/2 X CLOSE NIPPLE,,1,2.0,4.5,4.5,4.5,2026-06-26,"1-1/2"" x Close Nipple"
1 1/2 UNIONS,,1,2.0,26.0,26.0,26.0,2026-06-26,"1-1/2"" Unions"
3/8 X 1 1/2 BOLTS,,1,16.0,0.57,0.57,0.57,2026-07-02,"3/8"" x 1-1/2"" Bolts"
3/8 X 1 1/2 NUTS,,1,16.0,2.04,2.04,2.04,2026-07-02,"3/8 x 1-1/2"" Nuts"
3/8 X 1 1/2 WASHERS,,1,16.0,0.28,0.28,0.28,2026-07-02,"3/8 x 1-1/2"" Washers"
3/8 DRILL BIT,,1,3.0,71.47,71.47,71.47,2026-07-02,"3/8"" Drill Bit"
WIRE NUTS,,1,5.0,0.29,0.29,0.29,2026-07-02,Wire Nuts
EZ LIFT CAMLOK MANHOLE COVER,,1,1.0,1658.78,1658.78,1658.78,2026-07-06,EZ-Lift Camlok Manhole Cover
EZ SKIRT SAFETY BRACKET POST,,1,1.0,94.97,94.97,94.97,2026-07-06,EZ Skirt Safety Bracket Post
SKIRT GAS SHOCK BRACKET,,1,1.0,44.09,44.09,44.09,2026-07-06,Skirt Gas Shock Bracket
CONCRETE PATCH,,1,1.0,28.57,28.57,28.57,2026-07-07,Concrete Patch
PAINT BRUSHES,,1,3.0,15.57,15.57,15.57,2026-07-07,Paint Brushes
YELLOW PAINT,,1,1.0,20.74,20.74,20.74,2026-07-07,Yellow Paint
4 PLUG,,1,1.0,42.48,42.48,42.48,2026-07-08,"4"" Plug"
1 1/2 BLACK STEEL UNION,,1,1.0,23.89,23.89,23.89,2026-07-09,"1-1/2"" Black Steel Union"
1 1/2 X CLOSE,,1,1.0,3.98,3.98,3.98,2026-07-16,1-1/2'' x Close
1 1/2 X 10 GALVANIZED NIPPLE,,1,1.0,21.61,21.61,21.61,2026-07-16,"1-1/2 x 10"" Galvanized Nipple"
1 1/2 U BOLTS,,1,2.0,3.63,3.63,3.63,2026-07-16,"1-1/2"" U Bolts"
4 X 6 NIPPLE,,1,1.0,38.84,38.84,38.84,2026-07-20,"4"" x 6"" Nipple"
4 X 8 BLACK STEEL NIPPLE,,1,1.0,39.68,39.68,39.68,2026-07-24,"4"" x 8"" Black Steel Nipple"
BELL X MALE FIBERGLASS FITTING,,1,1.0,32.69,32.69,32.69,2026-07-27,Bell x male Fiberglass Fitting
FIBERGLASS ADHESIVE KIT,GRD-60210101,1,1.0,48.3,48.3,48.3,2026-07-27,Fiberglass Adhesive Kit (GRD-60210101)
7 FIBERGLASS NIPPLE,,1,1.0,8.45,8.45,8.45,2026-07-27,"7"" Fiberglass Nipple"
1 1/2 X 10 GALV NIPPLE,,1,1.0,21.61,21.61,21.61,2026-07-27,"1-1/2"" x 10"" Galv Nipple"
1 1/2 X 4 GALV NIPPLE,,1,1.0,8.84,8.84,8.84,2026-07-27,"1-1/2"" x 4"" Galv Nipple"
3/4 STICK OF CONDUIT,,1,1.0,39.64,39.64,39.64,2026-08-04,"3/4"" stick of conduit"
3/4 SLIP COUPLINGS,,1,2.0,10.27,10.27,10.27,2026-08-04,"3/4"" Slip Couplings"
CONCRETE AND REBAR,,1,1.0,275.0,275.0,275.0,2026-08-04,Concrete and rebar
VINAGER 45 CONDUIT CLEAR,,1,1.0,18.92,18.92,18.92,2026-08-04,Vinager 45% conduit clear
4 X 18 STEEL NIPPLE FOR RISER,,1,1.0,83.3,83.3,83.3,2026-08-04,"4"" x 18"" steel nipple for riser"
VINEGAR 1 GALLON,,1,1.0,17.97,17.97,17.97,2026-08-04,Vinegar 1 gallon
PAINT,,1,0.5,72.78,72.78,72.78,2026-08-04,Paint
2X6 BOARD,,1,1.0,28.0,28.0,28.0,2026-08-04,2x6 Board
3/4 GUP BOX,,1,2.0,103.2,103.2,103.2,2026-08-04,"3/4"" GUP Box"
2X8 BOARDS,,1,2.0,16.44,16.44,16.44,2026-08-07,2x8 Boards
SENSOR GUIDE,,1,1.0,119.98,119.98,119.98,2026-08-10,Sensor guide
FISHTAPE,,1,1.0,102.91,102.91,102.91,2026-08-10,Fishtape
1 1/2 X CLOSE BLACK FITTING,,1,6.0,3.29,3.29,3.29,2026-08-10,"1-1/2"" x Close Black Fitting"
4 X 12 BLACK STEEL FITTING,,1,1.0,52.97,52.97,52.97,2026-08-11,"4"" x 12"" Black Steel Fitting"
KLEIN FISH TAPE STUCK IN CONDUIT AND HAD TO CUT IT OFF,,1,1.0,102.9,102.9,102.9,2026-08-17,Klein Fish Tape - stuck in conduit and had to cut it off
1812 SENSOR WIRE,,1,200.0,1.1,1.1,1.1,2026-08-17,1812 Sensor Wire
1 5 NIPPLE,,1,1.0,3.98,3.98,3.98,2026-08-18,"1.5"" nipple"
18/2 SENSOR WIRE,,1,400.0,1.1,1.1,1.1,2026-08-21,18/2 Sensor Wire
4 X8 BLACK STEEL NIPPLE,,1,1.0,39.68,39.68,39.68,2026-08-31,"4""x8 Black Steel nipple"
2 X 4,,1,1.0,5.4,5.4,5.4,2026-09-02,2 x 4
2 X 6,,1,1.0,12.24,12.24,12.24,2026-09-02,2 x 6
L BRACKET,,1,2.0,14.13,14.13,14.13,2026-09-02,L Bracket
SEAL PACK,VDR-0514100-30,1,2.0,7.25,7.25,7.25,2026-09-02,Seal Pack (VDR-0514100-30)
3/4 X 3 FITTING,,1,3.0,3.94,3.94,3.94,2026-09-02,"3/4"" x 3"" Fitting"
3/4 X 12 FITTING,,1,1.0,20.7,20.7,20.7,2026-09-03,"3/4"" x 12"" Fitting"
END RUN,,1,25.0,54.41,54.41,54.41,2026-09-03,End Run
3/4 X 8 FITTING,,1,1.0,12.17,12.17,12.17,2026-09-03,"3/4"" x 8"" Fitting"
DATA WIRE,,1,120.0,0.48,0.48,0.48,2026-09-08,Data Wire
1 5 STEEL CAP,,1,1.0,5.83,5.83,5.83,2026-09-08,"1.5 "" steel cap"
3/4 X 4 NIPPLE,,1,1.0,4.1,4.1,4.1,2026-09-10,"3/4"" x 4"" Nipple"
2 BLACK STEEL PLUG,,1,1.0,6.45,6.45,6.45,2026-09-14,"2"" Black Steel Plug"
2 BLACK STEEL CAP,,1,1.0,5.39,5.39,5.39,2026-09-14,"2"" Black Steel Cap"
