row_id,item_id,description,qty,location
6267793174368132,,DOOR NODE 4,4.0,
1223233826131844,FIL-300HS-10,10 MIC 3/4 FILTER,1.0,
3756508616527748,GIL-CPS124130-3AR,TOPAZ/RUBY,1.0,
5634474476769156,GIL-M01118B003,NOZZLE CRADLE SCREW,1.0,
5352999500058500,GIL-M02870B008S,PASS PORT POWER SUPPLY,4.0,
6830743127789444,GIL-M04809B015,"3"" THERMAL PAPER ROLL CRIND",2.0,
1201243593576324,GIL-M04868B001,LOWER SIDE FRAME BRACK,1.0,
7147402476588932,GIL-M12547K001,ENCRYPTED CARD READER KIT,1.0,
3206752802639748,GIL-M12784B001,ADV BRACKET,3.0,
1377165454020484,GIL-M13124A001,AUXILLARY FEATURE PROCESSOR,3.0,
6918704058011524,GIL-MO1585A-001,PPU DATA CABLE,1.0,
3541004337483652,GIL-MO1668A002,INTERFACE CABLE,2.0,
1359573267976068,GIL-PA02710513,PASSPORT SCANNER,8.0,
8114972709031812,GIL-PA03270103A,PASSPORT DISPLAY,2.0,
8677922662453124,GIL-PA04060013,EPSON PASSPORT PRINTER,2.0,
7094625918455684,GIL-Q11542-52,Pump Loop Cable 10',1.0,
2028076337663876,GIL-Q12476-01,Crind Printer Control,1.0,
2265570849263492,GIL-T15849-G1,Mod Hyd Interface N/V,1.0,
576720988999556,GIL-T16513-G7,POWER SUPPLY,1.0,
6206220523212676,GIL-T17418,ADV BACK LIGHT REG BRD,2.0,
2335939593441156,GIL-T18708-G1,BACKLIGHT REG BRD ADV,1.0,
3426655128194948,GIL-W03690-G4,DOOR CABLE ASSY,7.0,
7156198569611140,GRD-188-241-5,Syphon Check Valve,1.0,
5720236383735684,GRD-TCBK3333,Sump Lid Bolt Down Kit,1.0,
6986873778933636,GRD-US-FPI-125D,Fill Pipe I.D. DSL,3.0,
1357374244720516,GRD-US-FPI-125K,KERO FILL I.D. TAG,2.0,
5860973872091012,GRD-US-FPI-125P,FILL PIPE ID PUL,1.0,
8112773685776260,GRD-US-FPI-27,FILL PIPE ID MUL,3.0,
3811484197916548,VDR-329338-001,TRANSFORMER/POWER SUPPLY,1.0,
7083630802177924,VDR-514100-110,V.R. MONITOR PAPER,1.0,
286449919266692,GIL-M01922A001,E-500 PUMP NODE,7.0,1.0
3641051837235076,GIL-M05835A001/004,DOOR NODE 4,4.0,1.0
4015993360682884,GIL-M05838A002,5 GRADE PPU W/O PANEL,1.0,1.0
7675168057921412,GIL-M06194K002,PPU 3 GRADE SINGLE 500S,1.0,1.0
7710352430010244,GIL-M12803A003,DOOR NODE,2.0,1.0
2080852895797124,GIL-M12803A009,DOOR NODE 5 SIX DIGIT,1.0,1.0
1289204523798404,GIL-MO1598A001-R,Pump Controller Board,4.0,1.0
3954420709527428,GIL-T17461-G1,Valve Drvr Processor,2.0,1.0
2630608709685124,FIL-PA04270013,EPSON PRINTER,1.0,10.0
3751881567829892,GIL-M07885A006,PRINTER ASSY HENGSTLER (SLIDING),2.0,10.0
4893403639648132,GRD-P040-02-030,VERIFONE RP-300 PRINTER,3.0,10.0
1937916384186244,GRD-PWR050-001-01-B,VERIFONE POWER SUPPLY,1.0,10.0
3917037314183044,INT-81-9236-2877-6,6 CHANNEL WIRED INTERCOM,2.0,100.0
644890709921668,VDR-330020-674,WIRELESS 2 TRANSMITTER,8.0,100.0
7435474523066244,VDR-858090-201,BATTERY PACK,8.0,100.0
1805974988853124,VDR-858090-203,TLS-RF CONSOLE,1.0,100.0
8526190057820036,VDR-330020-872,HYDRX PRESSURE SENSOR,4.0,101.0
7118815174266756,VDR-330020-882,HYDRX INLET VALVE,1.0,101.0
1489315640053636,VDR-330020-883,HYDRX OUTLET VALVE,3.0,101.0
5992915267424132,VDR-330020-885,"KIT, VALVE CONDUIT",1.0,101.0
3741115453738884,VDR-330020-899,HYDRX SIPHON CARTRIDGE,2.0,101.0
926365686632324,VDR-330020-902,HYDRX FLARETITE SEAL,1.0,101.0
128120244866948,GIL-Q13850-10,CABLE,15.0,102.0
5080320616370052,GIL-T16937-G1,TS1000 CPU Brd,2.0,102.0
2828520802684804,GIL-T16957-G1,TS1000 Contrlr I/O,1.0,102.0
1702620895842180,GIL-T17122-G1,TS1000 Memory Board,1.0,102.0
8176545360187268,GIL-T17651-G1,TS1000 D-Box Brd,1.0,102.0
7121014197522308,GIL-T19547-G1,ENCORE DBOX BRD,1.0,102.0
7259552662622084,VDR-331014-001,PLLD SWIFT CK VALVE,2.0,102.0
4620724755959684,VDR-848480-001,PLLD TRANSDUCER,3.0,102.0
6309574616223620,VDR-859080-001,PLLD DIGITAL LEAK DETECTOR,1.0,102.0
6274390244134788,VDR-330020-868,HYDRX FILTER CARTRIDGE,1.0,103.0
2368924942274436,VDR-848480-003,PLLD SW FT TRANS,3.0,103.0
3611373081661316,GIL-PA03060020,PASSPORT D BOX,3.0,104.0
8244715081109380,VDR-330020-901,"KIT, RISER ISFC 8.75"" LENGTH",1.0,106.0
5429965314002820,VDR-330020-904,HYDRX FILTER CARTRIDGE,2.0,106.0
5042937221025668,GRD-EVO-600-0251,EVO DISPLAY CABLE,1.0,107.0
2107241174863748,GRD-EVO-6CM,CONTROLLER MODULE,2.0,107.0
4359040988548996,GRD-EVO-LCD,EVO LCD TOUCHSCREEN,1.0,107.0
8862640615919492,GRD-EVO-TMPTR,EVO THERMAL PRINTER ASSY,1.0,107.0
2958263174762372,GRD-FMP-CDS-U,CORROSION DETECTION SENSOR,2.0,107.0
7180387825422212,GRD-FMP-MSH,SENSOR,1.0,107.0
4875811453603716,GRD-TSP-IDF4,"4"" DSL FLOAT KIT",1.0,107.0
2624011639918468,GRD-TSP-IGF4,".4"" FLOAT KIT",3.0,107.0
3749911546761092,GRD-TSSP-ACI,ACI MODULE 12 INPUT,1.0,107.0
5438761407025028,GRD-TSSP-PS,POWER SUPPLY MODULE,2.0,107.0
7736740709076868,GRD-TSSP-T550-MB,T550 BACK PLANE BOARD,1.0,107.0
1858751546986372,VDR-FMSP-4851S,"MODULE, RS485, IS EVO600",3.0,107.0
6837340197556100,VDR-330020-527,BATTERY PACK,1.0,108.0
5148490337292164,VDR-330020-772,VDR DISPLAY DOOR,2.0,108.0
4867015360581508,VDR-330020-880,HYDRX WATER DRAIN KIT,5.0,108.0
7127611267288964,GRD-TS-RA2,ALARM,1.0,109.0
1498111733075844,GRD-TS-RK,EVO OVERFILL ALARM,3.0,109.0
8209530709020548,VDR-603-M5R,OVERFILL ALARM TIMER,2.0,109.0
3142981128228740,VDR-790091-001,OVERFILL ALARM,1.0,109.0
7646580755599236,VDR-790095-001,ACKNOWLEDGEMENT SWITCH,2.0,109.0
7182586848677764,GIL-M04104A001,POWER CONTROL MODULE,1.0,11.0
1553087314464644,GIL-M04108A001,CRIND NODE 3,2.0,11.0
3190507758096260,GIL-M07121A001,BRACKET ASSY,1.0,11.0
779031128510340,GIL-M07121A004,AUXILARY BOARD,1.0,11.0
1904931035352964,GIL-M07555A003,POWER SUPPLY ASSY,2.0,11.0
4156730849038212,GIL-M07577B001,EN-500 CARD READER,1.0,11.0
1729009174908804,GIL-M08399K001,EPP KEYPAD KIT,6.0,11.0
1658640430731140,GIL-M14004A003,DISPLAY,1.0,11.0
4244691779260292,GIL-M18830A001,DOOR DISPLAY,3.0,11.0
1665237500497796,GRD-98C00089,WT34 WATERTIGHT GASKET,2.0,110.0
3486028756094852,GRD-OPWH13214M,TC LID GASKET,8.0,110.0
2412905407385476,GRD-SLPK,GASKET AND SEALANT,4.0,110.0
1860950570241924,GRD-570012,EMCO LID GASET,1.0,111.0
2599822384107396,GRD-C05170M,SPILL BUCKET GASKET,10.0,111.0
8158953174142852,GRD-EWA567166,EMCO HANDLE LID GASKET,12.0,111.0
1973100756275076,GRD-FL100-SEAL,"42"" FIBERLITE SEAL",4.0,111.0
6168837127868292,GRD-H12874M,"18""WT GASKET",15.0,111.0
5984119174401924,GRD-H15187M,MULTI PORT GASKET,26.0,111.0
2791137407340420,"GRD-XERXES 30"" GASKET",30INCHWT GASKET,1.0,111.0
7596003220721540,GRD-FC-10/SEAL,FIBERLITE SEAL,10.0,113.0
5062728430325636,GRD-FC-11-SEAL,FIBERLITE SEAL,6.0,113.0
4858219267559300,GRD-H12229M,OPW 2100 SERIES GASKET,10.0,113.0
7972036197420932,GRD-TCLS0027,TC SUMP LID GASK 27 INCH,5.0,113.0
374410849488772,GIL-N23142-01,Display Wind. Gasket,94.0,114.0
7420081360277380,GRD-705-334-01,EBW GASKET,7.0,114.0
3732319360716676,GRD-H15240M,"8"" MULTIPORT GASKET",21.0,114.0
6019303546490756,GRD-P110-42G,"42"" MANHOLE GASKET",1.0,114.0
3063816291028868,GRD-PT-SC-1513V,U Shaped seal for ductile cast,9.0,114.0
2201799174852484,GRD-XERXES GASKET,26IN GASKET,3.0,114.0
7701556336988036,GRD-77210201,"4"" MON WELL PLUG",8.0,115.0
7294737034710916,GRD-77210601,"EBW 2"" WELL CAP PLUG",10.0,115.0
2072056802774916,GRD-77210901,"6""MONITORING WELL CAP",5.0,115.0
5528921360502660,GIL-M10662K001,SMART PAD 2.1,1.0,12.0
3277121546817412,GIL-M10728K002,SECURE CARD READER WAWA,3.0,12.0
8695514848497540,GIL-M13940K901,HCR2 CARD READER,1.0,12.0
1852154477219716,GIL-MO2136B001,E-300 CARD READER,5.0,12.0
4103954290904964,GIL-MO2652A003,PPU Display w/Switch,2.0,12.0
2591026291085188,GIL-Q11489-06,Crind Card Reader,7.0,12.0
4761462244315012,GIL-600-0252,FLEX CABLE FOR UPM,2.0,13.0
2509662430629764,GIL-90A051939,RUBY VERIFONE SERIAL CABLE,1.0,13.0
1025321733132164,GIL-M10661K001,ENCRY PIN PAD 700,6.0,13.0
8554777360142212,GIL-M12471A001,HYBRID CARD READER CABLE,8.0,13.0
4895602662903684,GIL-M12507B001,ENCORE BRACKET,4.0,13.0
4191915221127044,GIL-M13888K901,UPM PROGRAMMED NO KEY,4.0,13.0
7851089918365572,GIL-M14273A001,UX300 BRACKET,7.0,13.0
8255481195200388,GIL-M14331B002,"VERIFONE GCM ASSY, UX400",1.0,13.0
1397337459457924,GIL-M16086K002,UX300 & HCRS CARD KIT,4.0,13.0
8647136336875396,GIL-K83512-25,GILBARCO LOWER DOOR KEY,11.0,14.0
484362012266372,GIL-K83512-30,Door Lock Assy,7.0,14.0
7732342662565764,GIL-K94246-01N,LOWER DOOR LOCK AND LATCH,6.0,14.0
990137361043332,GIL-M04219B001N,PIN FOR HENGSTLER PRINTER,11.0,14.0
2467880988774276,GIL-M06295A001,LATCH ASSY,19.0,14.0
4438205825748868,GIL-M07884B002,"6"" PAPER ROLL SPOOL",3.0,14.0
1940115407441796,GIL-M13832B008,HENGSTLER PAPER CHUTE,2.0,14.0
3212030997626756,GIL-M16085K002,UX300 & HCRS CARD KIT,3.0,14.0
6496491592945540,GIL-M17284B001,"SPINDLE 6"" PAPER ROLL",24.0,14.0
2696579407351684,GIL-MO6756K001,ENC LOWER SKI BOOT LATCH KIT,15.0,14.0
761438942465924,GIL-Q12542-01,CRIND DOOR LOCK,17.0,14.0
1383762523787140,GIL-Q12542-22,LOCK CYLINDER BLACK,7.0,14.0
7013262058000260,GIL-Q12542-39,GILBARCO STEEL KEY (CH751),12.0,14.0
5265038569836420,GIL-Q12563-01,DRAW LATCH,10.0,14.0
3804887128149892,GIL-M04119A001,HENGSTLER 500 PRINTER,5.0,15.0
5493736988413828,GIL-M04219B001R,USB THERMAL PRINTER REBUILT,3.0,15.0
7780721174187908,GIL-M10755A001,HENG PRINTER FOR EN 300,2.0,15.0
8326078941564804,GIL-MOO317A003,E-300 Crind Printer,3.0,15.0
3602576988639108,GIL-T20414-G1,Crind Printer Assembly,2.0,15.0
1612992969572228,ENS-367-3047-DB,ENS LOCKING STAND,1.0,16.0
3628965267705732,GIL-M132-409-01R,MX915 PIN PAD,1.0,16.0
5018747965214596,GIL-PA0412000EMV2,EXXON PIN PAD,4.0,16.0
3635562337472388,GIL-PA0421100HP50R,PINPAD MX915 PASSPORT,1.0,16.0
7356309685866372,GRD-M177-509-01-R,MX925 COMMANDER EXXON PIN PAD,7.0,16.0
5887362151157636,GRD-M445-403-01-WWA-5,"M400, WIFI/BT PINPAD",4.0,16.0
4543758942015364,GIL-M07991A003,PRINTER DOOR EN-5,1.0,17.0
2291959128330116,GIL-M07991A003015,WAWA SILVER PRINTER DOOR,2.0,17.0
532740523888516,GIL-M13987A001,"PIP3 PCA 5.7""",1.0,17.0
866992058732420,GIL-M16181A002,E-700 FLEXPAY M7,1.0,17.0
1834562291175300,GIL-M03533A001,GRADE SELECT BUTTON ASSY,1.0,18.0
5423368244236164,GIL-M06139A001,E-500 PUSH TO START,12.0,18.0
5564105732591492,GIL-M07746A006,DCM DUAL INTERCOM CABLE,5.0,18.0
585517082021764,GIL-M14579A101B,SSOM KIT,2.0,18.0
8139161964842884,GIL-R18842-02,BUTTON GASKET,1.0,18.0
550332709932932,GIL-R20373-G1,SODA BUTTON,9.0,18.0
4235895686238084,GIL-T17773-03,GRADE SELECT BRACKET,5.0,18.0
5995114290679684,GIL-T19596-01,GRADE SELECT BUTTON,15.0,18.0
8765883592675204,GIL-M09259A004,"CABLE, WIRE, & SPEAKER ENC",2.0,19.0
2578877601484676,GIL-M14595A002,"INTERCOM KIT BD, WITH SPEAKERS",12.0,19.0
8449224243875716,GIL-M01785A001,DOOR NODE 2,2.0,2.0
6021502569746308,GIL-M12702A002,PUMP CONTROL NODE 3,2.0,2.0
3769702756061060,GIL-M12702A102,EN PUMP CONTROL NODE 3+,3.0,2.0
6584452523167620,GIL-M12828A001,CRIND CONTROL NODE 4,1.0,2.0
3681741825838980,GIL-M15737A001,DCM 2.2 W BARCKET,1.0,2.0
3118791872417668,GIL-M16785A910/M18666A001,PUMP CONTROL NODE,1.0,2.0
1992891965575044,GIL-M16785A915,PUMP CONTROL NODE,1.0,2.0
257862616944516,GIL-M19203A501,PUMP CONTROL NODE 5,5.0,2.0
8044603964854148,GIL-MO1753A001,E-500 CRIND NODE,2.0,2.0
154508523933572,GIL-T17786-G1,ISOLATION RELAY BRD,1.0,2.0
5458552616324996,GIL-M12760A001,HUB INTERFACE BRD,3.0,20.0
5324412197736324,GIL-M19434A001,STOP EXTENDER CABLE FOR INVENCO G7,8.0,20.0
796623314554756,GIL-PA03310004,POWER SUPPLY,1.0,20.0
2168813826019204,GIL-Q13241-102,LINE BOOSTER KIT,1.0,20.0
8576767592697732,GIL-K93713-01,Crind Receipt Cutter,3.0,21.0
4473390197837700,GIL-M14338A006,AUDIO VIDEO CABLE,18.0,21.0
5089116709392260,GIL-M14595A001,INTERCOM BOARD,9.0,21.0
3072612384051076,GIL-MOO151A001,E-500 POWER SUPPLY,2.0,21.0
5863172895346564,GIL-PA02870000000,ISOLATION RELAY BOX,3.0,22.0
7576212011421572,GRD-494096,RISER SEAL,3.0,22.0
3197956709617540,GRD-71SO-INLET,DROP TUBE HARDWARE,2.0,22.0
539337593655172,GRD-A0030-124S,"EMCP 4"" BRASS FILL ADAPTER",3.0,22.0
8024812755554180,GRD-FLMP-IP,INSPECTION PORT PART KITS,4.0,22.0
8702111918264196,GRD-FLMP-IP,INSPECTION PORT PART KITS,4.0,22.0
1946712477208452,GRD-OPWH14683M,OPW 71SO KIT TUBE (BLUE),1.0,22.0
2371123965529988,GRD-116-7085,"4"" THREAD PIP CAP DURATUFF",3.0,23.0
963749081976708,GRD-201648,DROP TUBE ASSY BOX,1.0,23.0
4605331593170820,GRD-633LC-1000,"4"" CLAMP",3.0,23.0
5396587083530116,GRD-71SO-SEGTOOL,71SO SEGMENTED OPW OVERFILL,5.0,23.0
6450312104578948,GRD-A0585-003A,"EXTRACTOR PIPE CAR, TANK PROBE",2.0,23.0
8651534383386500,GRD-D02508,INLET TUBE FOR OPW DROP TUBE,2.0,23.0
2606419453874052,GRD-H13363,Installation Hardware Kit,5.0,23.0
7110019081244548,GRD-H14842,71SO HARDWARE,5.0,23.0
917569593610116,GRD-HO4150M,"4"" FILL ADAPTOR GASKET",11.0,23.0
1023122709876612,GRD-OPW633T-8070,BRASS OPW ADAPT,4.0,23.0
6652622244089732,GRD-OPW634TT-G,OPW FILL CAP GASKET,11.0,23.0
7426678430044036,GRD-OPWHO8145M,OPW DROP TUBE ORING,11.0,23.0
7208975127744388,GRD-60210101,ADHESIVE KIT 6OZ. PSX-20,8.0,24.0
3257330337517444,GRD-SWF-100-SS,FRANKLIN FUELING ADAPTOR,3.0,24.0
6635030058045316,GRD-SWV-101-SS,STAINLESS STEEL,2.0,24.0
3222145965428612,IMG-IA-ESOCA/T/RD,EMERGENCY SHUT OFF,2.0,24.0
8897824988008324,GRD-61TP-2398,"4"" TANK BOTTOM PROTECTOR",2.0,25.0
870403063611268,GRD-FSMF180200-SS,"2""X18"" MALE /FEMAL FLEX CONNECTOR",2.0,25.0
7743337778843524,GRD-FSMS120150,"1.5 X 12"" FLEX CONNECTOR SS",4.0,25.0
6617437872000900,GRD-FSMS180150,"1.5"" X 8"" FLEX CONNECTOR SS",3.0,25.0
4365638058315652,GRD-FSMS180200,"2""X18"" FLEX CONNECTOR",3.0,25.0
4576744290848644,GRD-FSMS240150,"1.5 X 24"" FLEX CONNECTOR SS",3.0,25.0
2324944477163396,GRD-FSMS360150,"1.5"" X 24"" FLEX CONNECTOR SS",2.0,25.0
5491537965158276,GRD-FSMS3X12,"3"" X 12"" FLEX CONN",1.0,25.0
3535400800681860,NOZ-14E-0400,14E BLACK ECO NOZZLES,5.0,27.0
3130739748700036,NOZ-208886,14E BELLOWS CLAMP,6.0,27.0
5382539562385284,NOZ-215169,14E SCUFF GUARD BLACK,6.0,27.0
878939935014788,NOZ-5BE-0100,14E SPOUT KIT REPLACEMENT,6.0,27.0
3475033639817092,FIL-40510W-AD,PETRO CLEAR FILTER,26.0,28.0
660283872710532,FIL-40930W,SUNOCO SPEC FILTER,14.0,28.0
2912083686395780,FIL-51130W,30 MICRON FILTER,3.0,28.0
8541583220608900,FIL-800-30,30 MIC FILTER,7.0,28.0
5726833453502340,FIL-40510-AD,SUNOCO FILTER BLUE,24.0,29.0
7978633267187588,FIL-40530W-AD,DIESEL FILTER 7-11 SPEC,14.0,29.0
1610261919108996,GIL-K88746,PILOT VALVE SPRING,3.0,3.0
8308486755520388,GIL-M04163B001,FUSE MODULE,2.0,3.0
5106708895436676,GIL-M08223A001,ULTRA HIGH INTERFACE BOARD,3.0,3.0
5968726011613060,GIL-Q11781-01,FUSE HOLDER,2.0,3.0
4517370662948740,GIL-T15841-G3,Adv Pump Control Brd,3.0,3.0
6065483034857348,GIL-T18202-G4,Adv Pump Contrlr Brd,7.0,3.0
6558064244100996,GIL-T20005-G4,Adv Pump Cntrl Brd,6.0,3.0
6289783406923652,FIL-70060,400HS-10 FILTER,100.0,30.0
4882408523370372,FIL-CC400MB-10,"ETHANOL 1"" FILTER",2.0,30.0
8138642594135940,FIL-70023 450MB-10,450MB-10--GREEN GAS,62.0,31.0
1786183779553156,FIL-70032 450MG,70032 FILTER,120.0,31.0
2256774756241284,GIL-M01047A005,E-300 NOZZLE BOOT,4.0,33.0
7112218104500100,GIL-M05912A001,ENCORE ENHANCED BOOT ASSY,6.0,33.0
3389271732850564,NOZ-HN-N10SUF,HUSKY NON-VAPOR NOZZLE,35.0,34.0
6204021499957124,NOZ-OPW11BP-0400,OPW NON VAP NOZZLE,48.0,35.0
1111083640098692,NOZ-159597,"HUSKY GREEN 1"" DIESEL NOZZLE",36.0,36.0
8455821313642372,NOZ-OPW12VW-0400,OPW VAP NOZZLE,17.0,37.0
3708130104905604,GIL-WO3879-G4,NOZZLE CRADLE,4.0,38.0
1504708802842500,GIL-BP1395,HOSE CLAMP,2.0,39.0
7451616142491524,GIL-BP1396,"1""X1-3/8"" HOSE CLAMP",8.0,39.0
8084186383454084,GIL-K34468,Retractor Clamp,2.0,39.0
8510796895031172,GRD-BP1394,"3/4"" HOSE CLAMP",1.0,39.0
1412349826109316,GIL-M02335A001,HYDROLIC INTERFACE BRD,1.0,4.0
6276589267390340,GIL-T18994-G1,PUMP HYD INTERFACE,2.0,4.0
2617414570151812,GIL-T19501-G2,Monochrome CPU Board,1.0,4.0
224877268111236,GIL-T20076-G1,Adv Hyd Interface,2.0,4.0
4728476895481732,GIL-T20076-G3,Opt Adv Hyd Intrface,1.0,4.0
7391494057955204,GRD-GY1X8MXM,"1""X8' HOSE",18.0,40.0
7373901871910788,HOS-GY3/4X86MXMS,"3/4"" X 8' HOSE MXM",6.0,40.0
4559152104804228,HOS-124285,3/4INX8' HOSE,8.0,41.0
337027454144388,"HOS-I8'6""X3/4SC",WAWA NVP HOSE,5.0,41.0
4005627937881988,NOZ-21GU-,HOSE,1.0,41.0
152309500678020,VAP-OPW6ABL-5400,REGUARD KIT FOR 12VW,55.0,42.0
1130874849398660,GIL-M01118B001,1/4-10 X1/2 ZINC SCREW,3.0,43.0
4772457360592772,GIL-R19272-G1,Adv Handle Inner,15.0,43.0
1676232616775556,GIL-R20713-G1,Adv Flapper Assy,8.0,43.0
7754332895121284,GIL-T18400-10,Adv Handle Outer,1.0,43.0
1761994523742084,GRD-GY1X8MXMWHIP,"1""X8"" WHIP",18.0,43.0
2236983546941316,NOZ-21GU-040G,DEF NOZZLE,1.0,43.0
4515171639693188,NOZ-7HB,"7HB OPW 1INNOZZLE""""",6.0,43.0
2544846802718596,NOZ-OPW-241TPS-1000,OPW NV SWIVEL,22.0,43.0
55552477433732,HOS-124021,3/4INX8IN WHIP HOSE,34.0,44.0
6248001965068164,HOS-HUSKY 2273,NON-REC BREAKAWAY,15.0,44.0
4796646616403844,NOZ-OPW241TPS-0241,OPW NON VAP SWIVEL,32.0,44.0
7048446430089092,NOZ-OPW5BBI-2135,DIESEL SPOUT KIT,21.0,44.0
3670746709561220,NOZ-OPW66REC-1000,OPW NON VAP BKWY,23.0,44.0
3840071500238724,GIL-M10339B001,ENCORE NOZZLE BOOT,14.0,45.0
6925301127778180,GRD-21GU-SS3,DEF BREAKAWAY,1.0,45.0
2421701500407684,GRD-ISBA-75N,"CATLOW 3/4"" BREAKAWAY",2.0,45.0
6766971453378436,NOZ-CTM100,"1"" BREAKAWAY",1.0,45.0
1137471919165316,NOZ-CTM75,CATLOW 3/4 SWIVEL,5.0,45.0
5922546523246468,NOZ-OPW-66RB-2000,"NON VP 1"" BREAKAWAY",12.0,45.0
2826321779429252,NOZ-OPW11B-0100,"3/4"" DSL NOZZLE",11.0,45.0
3433252197961604,HOS-6210,HUSKY NON-RECONNECTABLE BREAKA,1.0,46.0
1744402337697668,HOS-HUSKY 0350VI,Husky Swivel,1.0,46.0
11572012322692,NOZ-6291,SPOUT GUARD CLAMP KIT,8.0,46.0
7611396383510404,VAP-8701VV,HEALY BREAKAWAY,2.0,46.0
6485496476667780,VAP-OPW66CAS-0300,OPW VAPOR BREAKAWAY,23.0,46.0
6907708941733764,VAP-VV Whip,Vapor VAC Whip Hose,20.0,46.0
5641071546535812,NOZ-D01532M,11BP SCUFF KIT,44.0,47.0
8174346336931716,NOZ-OPW6BG-0100,GREEN DIESEL SCUFF KIT,8.0,47.0
855996942454660,NOZ-OPW8G-0100,GREEN SPLASH GUARD DIESEL,11.0,47.0
4655909128048516,VAP-OPW-8BL-0400N,SPLASHGUARD BLK,19.0,47.0
2562438988763012,GIL-M11247B016,GENMEN EDH TANK,3.0,48.0
7066038616133508,GIL-M11247B017,GENDER MENDER FEMALE,9.0,48.0
8906621081030532,GIL-M11247B046,EDH TANK GAUGE,1.0,48.0
4614127686193028,GIL-M11247B064,GENDER MENDER,3.0,48.0
2889011375505284,GIL-M18405K001,"KIT, OMNIA RJ45 ADAPTER",8.0,48.0
2731763779440516,GIL-Q13180-03,25 PIN GENDER MENDER,1.0,48.0
4814238802448260,GIL-Q13180-04B,GENMEN MENDER,13.0,48.0
7235363406811012,GIL-Q13180-05B,GENDER MENDER PRICE SIGN,1.0,48.0
8473413499686788,GIL-Q13180-11B,GENMEN MENDER,22.0,48.0
3969813872316292,GIL-Q13180-13B,GENMEN MENDER,13.0,48.0
6109463499968388,GIL-Q13180-16B,RYCO GENDER MENDER,1.0,48.0
3857663686283140,GIL-Q13180-17B,GENDER MENDER FEMALE,1.0,48.0
310639175077764,GIL-Q13180-22,GENMEN MENDER,13.0,48.0
5546513546547076,GIL-Q13180-46BS,GENDER MENDER,4.0,48.0
3294713732861828,GIL-Q13180-63B,GENDER MENDER,8.0,48.0
5940138709290884,GIL-2972-01,SMART FUEL CTRL CURRENT LOOP BD,3.0,49.0
1436539081920388,GIL-ENE0702G011,E CIM TRIND BLANK,6.0,49.0
62149547200388,GIL-ENE1701G006,SUNOCO OVERLAY,3.0,49.0
7591605174210436,GIL-M00150A001,CALIBRATION CABLE,2.0,49.0
3369480523550596,GIL-M00641B001,EXXON KEYPAD LF,2.0,49.0
7873080150921092,GIL-M00641B002,EXXON KEYPAD RIGHT,3.0,49.0
8871436708941700,GIL-M04528A001,PCA CALL INTERFACE,2.0,49.0
1341981081931652,GIL-M06745A001,USB CABLE FOR HEJSTLER,7.0,49.0
3593780895616900,GIL-M06975K002,CRIND KEYPAD KIT (MOO141B004),3.0,49.0
2749355965484932,GIL-M07689B002,SUNOCO KEYPAD,15.0,49.0
1623456058642308,GIL-M07702A009,EPP INTERFACE CABLE,1.0,49.0
8700326050987908,GIL-M07957A009,"ADA KEYPAD CABLE, NGP",2.0,49.0
6232608802279300,GIL-M08409A001,EPP AUX KEYPAD DATA CABLE,12.0,49.0
3980808988594052,GIL-M08409A003,EPP CABLE,2.0,49.0
8484408615964548,GIL-M08412B-001,E300/500 EPP KEYPAD,13.0,49.0
321634291355524,GIL-M08414A002,EPP DATA CABLE,3.0,49.0
1869746663264132,GIL-M09747B012,I-BUTTON USB,2.0,49.0
6373346290634628,GIL-M09747B013,I-BUTTON ADAPTOR,2.0,49.0
7217771220766596,GIL-M10206B001,RIGHT SOFTKEY KEYPAD,6.0,49.0
1588271686553476,GIL-M10206B002,SOFTKEY KEYPAD,7.0,49.0
2925277825929092,GIL-M11961A003,DCM TO OMNIA CRIND CABLE,11.0,49.0
7428877453299588,GIL-M11961A004,OMNIA CABLE,1.0,49.0
6302977546456964,GIL-M12287B001,EN 500S ADA KEYPAD,6.0,49.0
2503065360863108,GIL-M13119A003,"10.4"" DISPLAY CABLE",1.0,49.0
3347490290995076,GIL-M14134A002,CABLE,3.0,49.0
7340916523077508,GIL-M14662B001,CABLE,2.0,49.0
7200179034722180,GIL-MOO141B002,Customer Input Keypad,12.0,49.0
1570679500509060,GIL-MOO141B004,Customer Input Keypad,2.0,49.0
6672413453389700,GIL-Q13400,CARD CLEANER,19.0,49.0
4965971407081348,GIL-M09922K001,ULTRA HI INTERFACE BOARD,4.0,5.0
2714171593396100,GIL-M10030A001,CORIOLIS INTERFACE BOARD,1.0,5.0
2969258291040132,GIL-T18015-G1,Valve Driver BD V/V,2.0,5.0
6346958011568004,GIL-T18024-G2,Adv Hyd Intrfce V/V,5.0,5.0
4095158197882756,GIL-T18156-G1,Blnd Hyd Contrl Brd,2.0,5.0
4024789453705092,GIL-T19301-G1,IS BARRIER ASSY,1.0,5.0
4869214383837060,GIL-T19401-G2,Control Board V/Vac,3.0,5.0
4306264430415748,GIL-T20011-G1,Adv Pump Controller,3.0,5.0
5586095965147012,GIL-ENE0611G147,ADA PRINT SOFTKEY OVERLAY,131.0,50.0
8858242569408388,GIL-K94396-02,MEMBRANE SWITCH MONOCHROME,?????,50.0
3088005546839940,GIL-M00147A001,E-500 MANAGER KEYPAD,4.0,50.0
7310130197499780,GIL-M00501A001,CARDREADER CABLE,1.0,50.0
732851640143748,GIL-M00515A003,E-500 STAND ALONE CABLE,1.0,50.0
6672584039268228,GIL-M04406K001,"HEATER & AC PWR DIS, KIT",1.0,50.0
3734518383972228,GIL-M06069B001,SOFTSHELL KEYPAD,3.0,50.0
3030830942195588,GIL-M07362A002,FUSE BLOCK,6.0,50.0
4825233918726020,GIL-M08418B001,EPP AUXILLARY KEYPAD,9.0,50.0
2573434105040772,GIL-M08430B002,EPP KEYPAD WAWA,5.0,50.0
8202933639253892,GIL-M08481B001,KEYPAD MONO SCREEN,2.0,50.0
884584244776836,GIL-M08743A001,DOWNLOAD CABLE,1.0,50.0
5511329174458244,GIL-MOO719A001,E-500 DOWNLOAD CABLE,2.0,50.0
5124301081481092,GIL-Q10131-03N,3AMP SLOW BLOW FUSE,1.0,50.0
3998401174638468,GIL-Q10898-115,GILBARCO CRIND KEY,4.0,50.0
2547045825974148,GIL-T17549,Program Keypad,6.0,50.0
8528389081075588,GIL-T19370-13,Adv Membrane Switch,10.0,50.0
8191938522976132,GIL-T19525-03,ADV MONOCHROME KEYPAD,1.0,50.0
1491514663309188,GIL-T19569-10,CRIND KEYPAD,24.0,50.0
3743314476994436,GIL-T19684-03,Membrane Switch,13.0,50.0
5432164337258372,GIL-T19760-10,Adv MPD Keypad,12.0,50.0
3688338895605636,GIL-T20353-G1,SWITCH PROGRAM PUMP,2.0,50.0
8106176616009604,GIL-T50038-1147,WAWA MON KEYPAD OVERLAY,4.0,50.0
5185873732636548,GRD-13581-01,MALE NULL MODEM COMMANDER,3.0,50.0
2934073918951300,GRD-13652-01,PAM NULL MODEM,1.0,50.0
6784563639422852,VDR-13638-02,VERIFONE NULL MODEM,2.0,50.0
6676811499900804,GIL-K92555-01,"Hiline Logic Sftware V 10.7, 10.7 U16",5.0,51.0
4425011686215556,GIL-K92631-G2,"Mod P.C. Software V 53.7, 52.2.4",3.0,51.0
1258418198220676,GIL-K93666-02,361CRD Logic Sftware V 50.2.4,3.0,51.0
5762017825591172,GIL-K93674-01S,P A M Software  V 31.2.U3,2.0,51.0
3510218011905924,GIL-K93682-G1,"Adv P.C. Software V 71.0.50, 70.9.82",4.0,51.0
8013817639276420,GIL-K93682-G13,"Adv Contrlr Sftware V 30.2.14, 72.4.30",2.0,51.0
695468244799364,GIL-K93682-G2,Pump Cntrlr Sftware V 72.2.40,1.0,51.0
5199067872169860,GIL-K93682-G27N,PUMP CONTROL SOFTWARE V 10.1.10,2.0,51.0
2947268058484612,GIL-K93682-G29,300 PUMP CONTROL SOFTWARE V 12.0.1,3.0,51.0
7450867685855108,GIL-K93682-G33,Pump Controller Software V 72.4.30,4.0,51.0
5532744099364740,GIL-K93682-G4,SOFTWARE V 84.8.30  LCD GAL,2.0,51.0
1821368151641988,GIL-K93682-G6,MOD PC SOFTWARE V 54.3.10,4.0,51.0
6324967779012484,GIL-K93685-G9,DISPLAY FILTER KIT,5.0,51.0
413993268088708,GIL-K93733-01,"Hyd Blnd Software V 10.6.5, 77.4.3",5.0,51.0
4917592895459204,GIL-K93734-01,"Adv Blend Software V 75.5.60, 20.5.10",4.0,51.0
2665793081773956,GIL-K93734-101,"Adv Blend Software V 35.3.51, 35.2.0",2.0,51.0
4344221256843140,GIL-K93744-01,"CRIND SOFTWARE V20.9.10, 20.5.10",5.0,51.0
6043492802301828,GIL-K93744-02,764CRD Logic Sftware V 60.9.40,7.0,51.0
462421224783748,GIL-K93744-06,"SOFTWARE ADVANTAGE V 22.5.30, 22.4.90",21.0,51.0
3791692988616580,GIL-K93744-20,NEW SOFTWARE V 62.6.10,1.0,51.0
6183772294348676,GIL-K93744-20,NEW SOFTWARE V 62.6.40,3.0,51.0
8847820884213636,GIL-K93744-21,WAWA EPP UPGRADE SOFTWARE V 42.1.80,2.0,51.0
8295292615987076,GIL-K93744-22,"CRIND SOFTWARE V92.1.40, 62.1.60",10.0,51.0
976943221510020,GIL-K93896-01,Multiplex Software V 10.1.48,3.0,51.0
2102843128352644,GIL-K94247-01,Monochrome Software V 15.1.70,4.0,51.0
7358508709121924,GIL-M08347K003,"NEW SOFTWAREV 15.3.20, 15.3.12",29.0,51.0
6555865220845444,VDR-330160-102,Software Module CSLD,1.0,51.0
2193003081830276,VDR-331500-322,CPU SOFTWARE,1.0,51.0
2116037267885956,GIL-M04388A001,POWER SUPPLY RESISTORS,4.0,53.0
2327143500418948,GIL-M04687A002,INTERFACE CABLE,3.0,53.0
3716926197927812,GIL-Q12170-01,GRADE SELECT SWITCH,2.0,53.0
4279876151349124,GIL-Q12514-01,Reed Handle Switch,2.0,53.0
8783475778719620,GIL-Q12514-06,REED HANDLE SWITCH 2 PRONG,1.0,53.0
2450288802729860,GIL-Q12514-10,E-500 HANDLE SWITCH,10.0,53.0
6953888430100356,GIL-Q12514-11,ENCORE PUMP HANDLE SWITCH,2.0,53.0
3576188709572484,GIL-Q12530-01,Printer Switch,5.0,53.0
7446469639344004,GIL-R17995-G7,LOGIC TO REG CABLE,3.0,53.0
6320569732501380,GIL-R18479-G1,MASTER RESET PLUG,2.0,53.0
5476144802369412,GIL-R19125-G1,LOGIC PRINTER CABLE,3.0,53.0
268857733222276,GIL-R19249-G1,D-Box Ribbon Cable,17.0,53.0
6179832244146052,GIL-R20748-G1,MONO TO BACKLT CABLE,4.0,53.0
3928032430460804,GIL-R20778-G1,24 VAC MONO CABLE ASSY,10.0,53.0
4339249779249028,IMG-MIZL,BRASS LOCK W/KEY,10.0,53.0
3672945732816772,GIL-T17635-02,Display Window,27.0,54.0
6465705267367812,GIL-M00347A001,ENCORE PPU LENS,9.0,55.0
4213905453682564,GIL-M00371K003,MAIN DISPLAY WINDOW,16.0,55.0
8167749267165060,GIL-M02650B001N,MONOCHROME LENS,15.0,55.0
5001155779170180,GIL-M07656B001,PPU LENS,10.0,55.0
7252955592855428,GIL-M07697B001,MAIN DISPLAY LENS,8.0,55.0
3312305918906244,GIL-M07757A001,ASSY PPU LENS & PANEL,6.0,55.0
5951133825568644,GIL-M08447-MONOPLEXI,14 HOLE MONO LENS,1.0,55.0
3699334011883396,GIL-M08449B001EPP,EN MAIN DISPLAY LENS,6.0,55.0
7411285267255172,GIL-N22673-02,MAIN DISPLAY WINDOW,13.0,55.0
8537185174097796,GIL-N23121-03,Main Display Window,14.0,55.0
4350244895526788,GIL-R19246-02,MAIN DISPLAY ADV,7.0,55.0
5053932337303428,GIL-R20395-G01,WAWA BLENDER LENS,4.0,55.0
8739495313608580,GIL-T17774-03,"36"" PPU LENS FRAME",10.0,55.0
4073167965327236,GIL-K93686-G1,Main Display Window,8.0,56.0
8027011778809732,GIL-M03171K001,DRIVE BLADE & HOLDER,3.0,57.0
6074279127879556,GIL-MOO246A001,E-500 Digital Valve,1.0,57.0
4033585546727300,GIL-N23059,PILOT VALVE 2 STAGE,1.0,57.0
8290894569475972,GIL-R19093,Adv/MPD Valve 2 -Stage,3.0,57.0
6909907964989316,GIL-T17909,VAPOR VALVE,1.0,57.0
873589128499076,GRD-407938001,3/4 SOLENOID VALVE,2.0,57.0
6353555081334660,GRD-STPMLD-E,FE PETRO LEAK DETECTOR,2.0,57.0
4930787034992516,GIL-M04011B001,300 PULSER,2.0,58.0
2678987221307268,GIL-M04011B002,300 PULSER,1.0,58.0
356818663444356,GIL-M05839B002,E-300 COMBINED PULSER,2.0,58.0
6971480616144772,GIL-M06507B001,METER MANIFOLD STRAINER  (2ND CHANCE FILTER),2.0,58.0
6215016616234884,GIL-M14794K001,COMBINED PULSER KIT,3.0,58.0
8466816429920132,GIL-M15182B001,COMBINED PULSER,2.0,58.0
972545174998916,GIL-R19096-G1,PPU ASSY SHAFT,7.0,58.0
3813683221172100,GIL-T18350-G1,HILINE PULSER,2.0,58.0
8317282848542596,GIL-T18350-G3,Advantage Pulser,3.0,58.0
998933454065540,GIL-T18350-G4,Adv Pulser Optimized/M04011B00,4.0,58.0
5502533081436036,GIL-T18350-G5,Optimized Pulser,1.0,58.0
6113861546479492,GIL-K88750,Solonoid Diaphram,17.0,59.0
8928611313586052,GIL-K93006,STAGE II DIAPHRAM,2.0,59.0
3125388942184324,GIL-M14367A001,"ASSEMBLY, GSA,PCA W/MOUNTING BLOCK",1.0,59.0
4526166755970948,GIL-M14425A002,CABLE,2.0,59.0
4596535500148612,GIL-N16891-24,Top Meter Seal,6.0,59.0
5440960430280580,GIL-N23904-01,C+ METER PLUG,2.0,59.0
4561351128059780,GIL-Q10066-51,PROPORTIONAL VALVE ORING,1.0,59.0
6813150941745028,GIL-Q10067-14,Pilot Valve O-Ring,3.0,59.0
5687251034902404,GIL-Q10068-14,In/Out O-Ring,9.0,59.0
7939050848587652,GIL-Q10068-20,ORING,10.0,59.0
620701454110596,GIL-Q10068-24,ORING,6.0,59.0
647089733177220,GIL-T18815,PROPORTIONAL BLEND VALVE,2.0,59.0
119324151844740,GRD-1128783N,SCREW FOR DBOX,4.0,59.0
5377188755869572,GRD-403168901,"STP-MLD+D, SGL, GAS",1.0,59.0
8939606429863812,GRD-LD2000,Leak Detector LD2000,8.0,59.0
8343671127609220,GIL-M10369B003,5.7 DISPLAY,1.0,6.0
2274366942285700,GIL-M14450A001,PUMP INTERFACE BOARD,1.0,6.0
8748291406630788,GIL-M18923A001,DOOR DISPLAY CABLE,1.0,6.0
2978054384062340,GIL-MO2044A001,E-500 CONVERTER BRD,4.0,6.0
5643270569791364,GIL-T16226-G2/G3,Modular SID Display,1.0,6.0
858195965710212,GIL-T17701-G1,MAIN DISPLAY BOARD,3.0,6.0
3109995779395460,GIL-T17723-G2,Adv MN Reg Brd,1.0,6.0
5221058104725380,GIL-T17962-G2,OPT ADV MN DISPLAY,1.0,6.0
699008389939076,GIL-T20092-G2,ULTRA HI CONTROL BOARD (UPGRADED),1.0,6.0
5269436616347524,GIL-K35222,METER ORING KIT,2.0,60.0
1891736895819652,GIL-K35359,METER GASKET ORING KIT,2.0,60.0
4251288849026948,GIL-K82472-01,LIP SEAL,6.0,60.0
2736161825951620,GIL-K88740,PLUNGER HILINE,3.0,60.0
7628988569554820,GIL-K92682,PUMP HEAD GASKET,30.0,60.0
6606442755723140,GIL-K94254-01,Meter Check Valve,6.0,60.0
4776855407103876,GIL-K96618,METER GASKET KIT ENCORE,16.0,60.0
2525055593418628,GIL-K96621-01,DIGITAL VALVE O-RING KIT,7.0,60.0
1271612337753988,GIL-M02958A001,E-500 COIL CONDUIT ASSY,3.0,60.0
5775211965124484,GIL-M02993A005,2 WIRE CRIND CABLE,3.0,60.0
1799377919086468,GIL-M12234K001,SECURITY PIN,1.0,60.0
7129810290544516,GIL-N23232-02,Advantage Coil,12.0,60.0
937360802910084,GIL-N23785-01,Adv Coil Assy 2-Stem,17.0,60.0
8572369546186628,GIL-R18837-01,LEAF SPRING (GRADESELECT),17.0,60.0
8774679685697412,GRD-031-136-1,"4"" GASKET",1.0,60.0
2846112988729220,GRD-400249001,RETAINING RING,21.0,60.0
312838198333316,GRD-40MP-U150,"1.5"" CLAMP GASKET",19.0,60.0
4816437825703812,GRD-40MP-U200,"2"" CLAMP GASKET",15.0,60.0
1999489035341700,GRD-507-4,"1-1/2"" GASKET",3.0,60.0
6503088662712196,GRD-507-5,"2"" HOSE WASHER",3.0,60.0
805419407576964,GRD-82073,"BRASS HEX PIPE NIPPLE 1/4""",1.0,60.0
6098547357454212,GRD-LD2-CBVS,FITTING & TUBING KIT FOR LD2000,3.0,60.0
8746092383375236,GRD-SGP-0150,PIPE FITTING ORINGS OPW,11.0,60.0
161105593700228,GRD-SGP-0200,"2"" COUPLING GASKET",2.0,60.0
5282630755880836,GIL-M07220K001,ULTRA HI CONVERSION VALVE KIT,2.0,61.0
2643802849218436,GIL-M12514K001,ENC 700 PULSER,7.0,61.0
5159485453569924,GIL-N20834,Hydraulic Tree/Short,6.0,61.0
4420613639704452,GIL-Q13528-07,DIGITAL VALVE REPAIR KIT,8.0,61.0
2379920058552196,GIL-R14670,Hydraulic Tree/Long,1.0,61.0
4183119128104836,GRD-A0060-023,EMCO SHEAR VALVE,6.0,61.0
6793359732445060,GRD-LD99-9005,COPPER TUBE LD2000,2.0,61.0
4946180197781380,GRD-SVD-1522,"1.5"" MALE DBL POP SHEAR VALVE",2.0,62.0
2694380384096132,GRD-SVD-1522N,"1.5"" FEM DBL POP SHEAR VALVE",6.0,62.0
7789517267210116,GRD-10RPLUS-0152,10 PLUS DP SHEAR VALVE,7.0,63.0
2160017732996996,GRD-10RPLUS-0200,"2"" NPT SINGLE POPPET",4.0,63.0
6663617360367492,GRD-10RPLUS-0202,"2"" FEMALE NPT DOUBLE SHEAR VAL",1.0,63.0
8334875034587012,GRD-60VSPC-1001,VAPOR SAVER,2.0,63.0
2353531779485572,GRD-65010402,"1.5"" UNION CHECK VALVE",6.0,63.0
8581671625883524,GRD-70S-0075,"1/2"" CHCECK VALVE",1.0,63.0
2430497593429892,GRD-OPW-10RUTC-5962,2IN UNION REPL. TOP,2.0,63.0
2008285128363908,GRD-OPW10RFT5750,Fem Shear Top 1 1/2IN,2.0,63.0
6511884755734404,GRD-OPW10RFTP5751,Female D.P. Shear Top,1.0,63.0
4260084942049156,GRD-OPW10RMT5850,Male Shear Top 1 1/2IN,2.0,63.0
3778498849083268,GRD-200143,OPW SHEAR VAVLE,4.0,64.0
7637784662577028,GRD-OPW10P-0152,OPW 10+ SHEAR VALVE,3.0,64.0
8763684569419652,GRD-OPW10RUP-2006,"2"" UNION SHEAR VALVE",5.0,64.0
6089672290668420,GRD-OPW623V-2203,7-11 SPEC OPW VENT CAP,2.0,64.0
3837872476983172,GRD-OPW623V-3203,"WAWA SPEC 3"" VENT CAP WHITE",3.0,64.0
2923078802673540,GRD-OPWHO5361,OPW Fusible Link,6.0,64.0
8183142429953924,GRD-SA-SV-5030,Fusible Link Environ,1.0,64.0
2890093453840260,GIL-M05612B110,ENCORE HOSE OUTLET CASTING,4.0,65.0
7393693081210756,GIL-M05612K010,OUTLET CASTING,6.0,65.0
5608086197702532,GRD-23-0033,UNIV VALVE,2.0,65.0
4823034895470468,GRD-MR-305L,4IN Fill Adaptor,2.0,65.0
2344735686463364,GIL-N16891-25,Steering Mnifld O-Ring,2.0,66.0
8051201034620804,GIL-N16891-27,STEERING MANIFOLD O-RING,3.0,66.0
1183651407531908,GIL-Q10068-09,Manifold O-Ring Adv.,2.0,66.0
3435451221217156,GIL-Q10068-15,Manifold O-Ring,1.0,66.0
6390938476679044,GIL-Q12974-218,ORING 1.234,4.0,66.0
1561883407486852,GIL-T18194,HOSE CONNECTOR,9.0,66.0
2230386477174660,GRD-244-006-5,R J Transducer Elec.(Red),3.0,66.0
7349712616099716,GRD-401320901,STP-MLD-HCD LEAK DETECTOR,2.0,66.0
6505287685967748,GRD-493888,EMCO SHEAR TOP,5.0,66.0
3547601407250308,GRD-523SA-1002,"OP 2"" SLIP ADAPTER",5.0,66.0
735050663399300,GRD-539TO-0400AD,"4"" DIFFUSER",2.0,66.0
5799401220935556,GRD-70550311,EBW SPILL CONTAINER GASKET,3.0,66.0
4921990941970308,GRD-EBW-705-332-18,DRAIN VALVE KIT,1.0,66.0
1295801593565060,GRD-HP-4885,WAWA VENT CAP,3.0,66.0
6637229081300868,GIL-N08028,HILINE METER PLATE,10.0,67.0
6848335313833860,GIL-N16891-32,.862X.103X.103 VITON A O-RING,3.0,67.0
2661395035262852,GIL-R18912-01,Adj Meter Plate,5.0,67.0
1113282663354244,GIL-RPA024TC10S,RE-MAN METER,1.0,68.0
2054464616730500,GIL-T19976-V10S,METER ASSY,2.0,68.0
1962105639997316,GIL-M00159B010,500 MANIFOLD CASTING,4.0,69.0
2538249732951940,GIL-M02226B010,ENC MANIFOLD CASTING,2.0,69.0
2960462198017924,GIL-M03404B010,MACHINED MANIFOLD,1.0,69.0
836205733154692,GIL-M000651A001,E-500 PPU ASSY,1.0,7.0
2819724709662596,GIL-M01522A001,EN 300 PPU DISPLAY,2.0,7.0
251265547177860,GIL-M12982A001,PPU 3 GRADE,1.0,7.0
3213349872406404,GIL-M18802A001,ENCORE 700 PPU SINGLE,4.0,7.0
163304616955780,GIL-MO1515A001,E300 Main Display Board,1.0,7.0
4666904244326276,GIL-MO1546A001R,E-300 HYDRAULIC INTERFACE,2.0,7.0
84139779755908,GIL-T18699-G1,Adv. Single PPU,2.0,7.0
4587739407126404,GIL-T18699-G2,Adv. PPU Single Level,1.0,7.0
3381848354193284,GRD-FMP-HIS-XL,"21"" HYDRO INTERS BRINE BRITE SENSOR",1.0,70.0
424988384366468,GRD-FMP-HIS-XL,HYDRO INTERSTITIAL SENSOR XL,1.0,70.0
4928588011736964,GRD-FMP-HIS-XL-U,"21"" HYDRO INTERS BRINE BRITE",4.0,70.0
8772480662441860,VDR-794380-303,BRINE SENSOR,5.0,70.0
1313393779609476,VDR-794380-350,Disc. Sump Sensor,2.0,70.0
2010484151619460,GIL-M09219B003,PASSPORT MOTHERBOARD,1.0,71.0
97792410648452,GRD-FMP-DTS,DISC SUMP SENSOR,1.0,71.0
6626233965023108,VDR-329370-004,Printer Door Group,1.0,71.0
3406863918894980,VDR-330020-619,V/R UNIVERSIAL SENSOR/PROBE MODULE,2.0,71.0
6520680848756612,VDR-794380-301,HYDRO SENSOR SINGLE FLOAT,1.0,71.0
3530009221205892,VDR-0330734-001,PLLD MODULE,1.0,72.0
4937384104759172,VDR-329209-001,TLS 350 PLASTIC PRINTER COVER,2.0,72.0
4532763825737604,VDR-329263-002,MODULE EXPANSION KIT/NC,2.0,72.0
5500334058180484,VDR-329356-004,SMART SENSOR MODULE,1.0,72.0
2122634337652612,VDR-329362-004,SERIAL SATELITE MODULE,3.0,72.0
3459640477028228,VDR-330020-623,POWER SUPPLY BOARD,2.0,72.0
7963240104398724,VDR-330020-624,AC INPUT BOARD,1.0,72.0
7400290150977412,VDR-330020-795,CPU PC BOARD,1.0,72.0
1770790616764292,VDR-330020-796,TLS 450 PLUS SD CARD,1.0,72.0
504153221566340,VDR-330831-001,BIR LOOP DISP MOD,1.0,72.0
29164198367108,VDR-330899-004,RDM BD ENHANCE CPU2,3.0,72.0
3881852942094212,VDR-331063-100,DIM MODULE 100',1.0,72.0
996734430809988,VDR-329356-002,Probe Thurmister,1.0,73.0
7752133871865732,VDR-329359-001,Output Module 4-Relay,1.0,73.0
4585540383870852,VDR-330020-425,TCP/IP MODULE KIT,1.0,73.0
8983586894974852,VDR-330020-659(332972-006),"KIT, UPGRADE USB ADAPTER",1.0,73.0
4036665907216260,VDR-330020-659(332972-032),"KIT, UPGRADE USB ADAPTER",1.0,73.0
1348578151698308,VDR-330280-001,DIM MODULE FOR WAWA,1.0,73.0
5852177779068804,VDR-330280-401,DIM MODULE,1.0,73.0
3600377965383556,VDR-330280-801,EDIM Board,2.0,73.0
7541027639332740,VDR-330586-017,MAINTENANCE TRACKER BOARD,1.0,73.0
5570702802358148,VDR-331190-001,AC INPUT MODULE,3.0,73.0
1524500012142468,VDR-329326-001,LIQUID CRYSTAL DISPLAY,2.0,74.0
6063284011601796,VDR-329328-002,TLS 350 KEYBOARD,3.0,74.0
5095713779158916,VDR-329372-001,VR 24PC KEY CAP TLS350,1.0,74.0
3748442151255940,VDR-329956-001,VR 8 INPUT TYPE A SENSOR INTERFACE,1.0,74.0
81940756500356,VDR-330020-409,INSTALL KIT FOR TLS350,9.0,74.0
3178165500317572,VDR-330149-002,FAX INTERFACE MODULE,2.0,74.0
592114151788420,VDR-330324-001,PRESSURE LINE LEAK CONTROL,2.0,74.0
8103977592754052,VDR-330374-001,PLLD OUTPUT BRD,1.0,74.0
2843913965473668,VDR-330559-002,TLS350 SITE FAX/MODULE,2.0,74.0
1911528105119620,VDR-330734-001,POWER SUPPLY BRD,1.0,74.0
2755953035251588,VDR-330886-002,PLLD OUTPUT MODULE,1.0,74.0
2157818709741444,VDR-847490-001,MODULE EXPANSION KIT/NC,4.0,74.0
2705375500373892,GRD-600-0180,ATEX CABLE 10FT,3.0,75.0
6012706476724100,GRD-708590930,DEFENDER VALVE,2.0,75.0
7461862802132868,GRD-FMP-DDS,DISC SENSOR,3.0,75.0
1832363267919748,GRD-FMP-DDS-UD,DISC SENSOR,1.0,75.0
2439293686452100,VDR-794-380-343,Interstitial Sensor,2.0,75.0
1496642337570692,VDR-794380-343,DISCRIMINATING SENSOR,4.0,75.0
6942893313822596,VDR-794380-344,INTERSTITIAL SENSOR,1.0,75.0
3565193593294724,VDR-794380-430,INTERSTITIAL SENSOR,2.0,75.0
6978077685911428,VDR-330272-8939,VDR PROBE CABLE KIT,3.0,76.0
2017081221386116,VDR-794380-208,Piping Sump Sensor,9.0,76.0
187493872766852,VDR-794380-322,DISC. HYD. SUMP SENSOR,3.0,76.0
750443826188164,VDR-794390-409,Interstitial Sensor,4.0,76.0
5254043453558660,VDR-794390-420,INTERSTITIAL  SENSOR,4.0,76.0
6098468383690628,VDR-846400-001,MAG+ DIESEL FLOAT KIT,3.0,77.0
7039880922857348,VDR-846400-007,MAG PLUS PROBE HEAVY OIL,2.0,77.0
8206434728214404,VDR-846400-017,"4"" TLS MAG+ PROBE KIT",1.0,77.0
8350268197375876,VDR-846400-100,"2"" MAG+ GAS FLOAT KIT",1.0,77.0
7910463546265476,VDR-846400-101,"2"" MAG PLUS DIESEL FLOAT KIT",3.0,77.0
3494824849117060,VDR-849600-000,Mag Probe Install Kit,1.0,77.0
7998424476487556,VDR-849600-001,MAG DIESEL FLOAT KIT,1.0,77.0
398600105299844,VDR-886100-000,MAG+PROBE FLOAT KIT,8.0,77.0
4622923779215236,GRD-1138522N,SCREWS FOR THE PAM DOOR,33.0,78.0
1278209407520644,VDR-0329342-001,VEEDER ROOT SCREW,4.0,78.0
2685584291073924,VDR-329211-001,Printer Paper Shaft,11.0,78.0
8878033778708356,VDR-330020-282,"4INProbe Cap Assy""""",7.0,78.0
2333740570185604,VDR-330020-435,BRINE SENSOR CAP,4.0,78.0
1155064105209732,VDR-330020-759,CPU BATTERY REPLACEMENT TLS-450PLUS,7.0,78.0
2615215546896260,VDR-330020-881,90 DEG ADAPTOR KIT,4.0,78.0
1454131267964804,VDR-576008-617,MAG PROBE EXT COLLAR,5.0,78.0
5957730895335300,VDR-576010-695,LITHIUM BATTERY 3.5V,73.0,78.0
5658663732580228,VDR-LL3 CLIP SET,LL3 CLIP SET (EVO),1.0,78.0
1368369360998276,GRD-793160,WASHER BUCKET BRACKETS,9.0,79.0
7323324337033092,GIL-M01564A001,GRADE SELECT BOARD,1.0,8.0
3664149639794564,GIL-M02636A001,MONOCHROME DISPLAY,10.0,8.0
6619636895256452,GIL-M04466B003,LED BACKLIGHT,17.0,8.0
4367837081571204,GIL-M04466B010,BACKLIGHT ASSY,9.0,8.0
4578943314104196,GIL-M04588A001,EN 500 PPU WITH SWITCH,5.0,8.0
7657575871876996,GIL-Q12448-04,Inc. Submin. Lamp,35.0,8.0
1324388895887236,GIL-Q12519-01,Crind Door Receptacle,20.0,8.0
5827988523257732,GIL-Q12519-02,Crind Door Stud,14.0,8.0
7050645453344644,GIL-T17622-G5MED,ADV BACKLITE 0.7IN,20.0,8.0
1421145919131524,GIL-T17622-G6LG,Adv Backlite 1IN,20.0,8.0
5924745546502020,GIL-T17622-G8S,Adv Backlite 0.5IN,23.0,8.0
8589727950831492,GRD-402507930,SECONDARY SYPHON KIT,1.0,80.0
453575686688644,GRD-5800300100,STP-DHI-120V,2.0,80.0
8440428150853508,GRD-FE223885930,DHI CIRCUIT BOARD 120V,2.0,80.0
3373878570061700,GRD-FE400172901,FE Petro Connector,2.0,80.0
6751578290589572,GRD-FE400197930,FE PETRO PUMP COVER,4.0,80.0
3943425593249668,GRD-FE400589930,FE PETRO CAP W GASKET,5.0,80.0
4787850523381636,GRD-FE400660901,INTAKE FILTER,11.0,80.0
3936828523483012,GRD-FE152350902,FE PETRO HARDWARE PACK,9.0,81.0
5625678383746948,GRD-FE400137937,FE SYPHON CHECK VALVE,7.0,81.0
7877478197432196,GRD-FE400172930,FE PETRO,1.0,81.0
4499778476904324,GRD-FE400200930,F.E. Wire Connector Assy,6.0,81.0
9003378104274820,GRD-FE400210-212,F.E. Petro O-Ring,4.0,81.0
3380475639828356,GRD-FE400236903,FE PETRO SEAL,5.0,81.0
7884075267198852,GRD-FE400333007N,FE PETRO ORING,1.0,81.0
565725872721796,GRD-FE400333012N,FE PETRO ORING,2.0,81.0
5069325500092292,GRD-FE400333132,ORING (400197930),3.0,81.0
2817525686407044,GRD-FE400333238,FE PETRO ORING,10.0,81.0
7321125313777540,GRD-FE400333340,FE PETRO ORING,1.0,81.0
1691625779564420,GRD-FE400333343,FE PETRO ORING,2.0,81.0
6195225406934916,GRD-FE400562901,FE PETRO SYP JET ASMBY,2.0,81.0
284250896011140,GRD-FE400616001N,FE PETRO RELIEF PLUG,6.0,81.0
1410150802853764,GRD-FE400988-932,FE Petro Check Valve,14.0,81.0
7039650337066884,GRD-FE400988931,FE PETRO CK VALVE,10.0,81.0
5913750430224260,GRD-FE402459931,FE PETRO CK VALVE,2.0,81.0
5915949453479812,GIL-M02351K001,DIAPHRAGM REPAIR,1.0,82.0
7347513592844164,GIL-M08490K001,STRAIN RELIEF CONNECTOR KIT,1.0,82.0
6250200988323716,GIL-Q10895-07,RELAY,2.0,82.0
8502000802008964,GIL-Q11008-01,PRESTART RELAY,1.0,82.0
4842826104770436,GIL-Q11482,WALLACE CLEANING CARDS,138.0,82.0
4139138662993796,GIL-Q13040-01,STP ISOLATION RELAY,4.0,82.0
3646557453750148,GIL-R19457,FILTER STRAINER,2.0,82.0
295246012288900,GIL-T17528-G1,MN DISPLAY TO CONTROLLER CABLE,2.0,82.0
6945092337078148,GRD-079-425-1,30 AMP RELAY,11.0,82.0
2967059267784580,VDR-0514100-30,Seal Pack,47.0,82.0
2089648988819332,GRD-201971/211064,VISIGUAGE,12.0,83.0
6593248616189828,GRD-201972,LARGE VISIGAUGE ORING,9.0,83.0
8845048429875076,GRD-202013,SMALL VISIGAGUE ORING,2.0,83.0
8141360988098436,GRD-206017,SENSOR ADAPTOR,3.0,83.0
541536616910724,GRD-211062,SHORT GAUGE ADAPTER,6.0,83.0
5045136244281220,GRD-211465,VISIGAUGE FLOAT SHORT,12.0,83.0
1718014058631044,GRD-493053,EMCO WHEATON DRAIN,2.0,83.0
2670191128285060,GRD-EBW705-336-01,PULL DRAIN 5 GAL,1.0,83.0
7173790755655556,GRD-EBW705-336-02,PULL DRAIN,2.0,83.0
1841159360941956,VDR-210488,BUCKET SENSOR,8.0,83.0
8807665034530692,VDR-330272-001,"CABLE 5', MAG PROBE",7.0,83.0
4726277872226180,VDR-330272-002,10 FT CABLE LEAD ASSY,1.0,83.0
1630053128408964,VDR-331028-001,Watertight Cord Grip,4.0,83.0
1693824802819972,GIL-M01667A001,ENCORE VALUE CABLE,1.0,84.0
6901111871967108,GIL-M02951A001,VARISTOR CABLE,2.0,84.0
8589961732231044,GIL-M03695B007,USB CABLE,3.0,84.0
919768616865668,GIL-M06115A002,CARD CABLE,1.0,84.0
8660330476408708,GIL-M07648A003,ICE POWER SUPPLY,1.0,84.0
497556151799684,GIL-M07648A004,ICE POWER SUPPLY CABLE,1.0,84.0
7006664988233604,GIL-M13120A001,24 VOLT DIST CABLE EN 700,2.0,84.0
4807641732681604,GIL-M15241A002,CABLE,1.0,84.0
2555841918996356,GIL-M15242A001,CABLE,1.0,84.0
8396447685742468,GIL-PA04220000222,DIST BOX 110 V  SILVER,1.0,84.0
2942870011973508,GIL-R17995-G4,RIBBON CABLE ASSY,1.0,84.0
7270871532240772,GIL-R18393-G2,"CABLE ASSY, PPU DISPLAY",1.0,84.0
4068769918816132,GIL-R18803-G1,PAM RIBBON CABLE,1.0,84.0
3787294942105476,GIL-R19023,CABLE CONTROL K-PAD,1.0,84.0
169901686722436,GIL-R19263-G1,D-BOX PLUG FOR CONTROLLER,1.0,84.0
8150157081120644,GIL-R19665-G1,ASSY RIBBON CABLE,1.0,84.0
5335407314014084,GIL-R19667-G1,RIBBON CABLE ASSY,1.0,84.0
4209507407171460,GIL-R20337-G1,ADA CARD READER CONNECTION,1.0,84.0
7305732150988676,GIL-R20651-G1,PRINTER CABLE ASSY,2.0,84.0
7470658895155076,VDR-0848100-501,VR Splice Kit,1.0,84.0
8385452569464708,VDR-331102-002,352 PROBE LEAD ASSY,1.0,84.0
5819192430235524,GRD-1 DK2100,OPW Drain Valve,5.0,85.0
7578411034677124,GRD-206121,"4"" ADAPTOR SHORT",8.0,85.0
1948911500464004,GRD-206122,"4"" ADAPTOR LONG",5.0,85.0
6054487918579588,GRD-FSA-400,FACE SEAL ADAPTOR,8.0,85.0
3010759209713540,GRD-FSA-400-S,FACE SEAL ADAPTER,9.0,85.0
2142425546952580,GRD-61JSK-44CB,JACK SCREW KIT,8.0,86.0
8622947081064324,GRD-OPW61SALP-1020-E,"4"" BRONZE SWIVEL FILL ADAPTOR",22.0,86.0
3274922523561860,GRD-OPW634LPC-0400,OPW LOW PROFILE FILL CAP,4.0,86.0
7778522150932356,GRD-OPW634TE-7085,3IN OPW FILL CAP,3.0,86.0
2149022616719236,GRD-OPW634TT-7085,4IN Locking Fill Cap,8.0,86.0
101731965800324,GRD-61VSA-1020-EVR,"4"" BRONE VAPOR SWIVEL ADAPT",17.0,87.0
5245247360536452,GRD-OPW1711-7085,Vapor Recovery Cap,7.0,87.0
2993447546851204,GRD-OPW1711LPC-0400,OPW LOW PROFILE VAP CAP,5.0,87.0
8704310941519748,GRD-209939,FC-10 HANDLE REPLACEMENT,11.0,88.0
8123768802054020,GRD-818-404-001,PHIL TITE BOLT DOWN,1.0,88.0
8517393964797828,GRD-H09039M,OPW GASKET,4.0,88.0
512949314588548,GRD-WSP-CRKS,CLAMP KIT,7.0,88.0
3215548895661956,GRD-201692,ORING,17.0,88/93
8552578336886660,GRD-OPW-WSP-WTS-OPC,"6"" NITRILE OBSERVATION PORT",17.0,89.0
3890649035116420,GRD-WTRC-0800,MON WELL CAP,1.0,89.0
5579498895380356,GRD-WTS-THANDLE,LID LOCKING HANDLE,13.0,89.0
6338161918545796,GIL-M03651A-001,CRIND LOGIC BOARD,2.0,9.0
4086362104860548,GIL-M03651A002UR,CRIND LOGIC BOARD,2.0,9.0
5177077639614340,GIL-M11930K001,FLEX PAY CONTROL BRD,4.0,9.0
2837316895707012,GIL-M14620K001,E700 DISPLAY,3.0,9.0
6980276709166980,GIL-T20306-G1,CRIND REG BRD,3.0,9.0
1746601360953220,GIL-Q10546-02,HIII NEOPREEN GASKET,2.0,90.0
2228187453919108,GRD-0206-0135,INPUT SOLID STATE 150,9.0,90.0
2984651453828996,GRD-521KR-1260,SHEAR VALVE ANCHOR,1.0,90.0
8042404941598596,GRD-SPTB-150,"1.5"" REPAIR BOOT",1.0,90.0
7857686988132228,INT-78-8028-9192-5,BLACK BOX,7.0,90.0
2518458523651972,INT-78-8028-9195-8,Call Box Single Btn,5.0,90.0
6731787081289604,INT-78-8028-9283-18,18 VDC 1.3 AMP POWER SUPPLY,1.0,90.0
4479987267604356,INT-78-8117-3900-8,INTERCOM BOARD,4.0,90.0
5467348709347204,GRD-201689,GASKET FOR IC-311 BUCKET,15.0,91.0
7979698932809604,GRD-203171,SET SCREWS FOR PRIMARY REPLACEMENT KIT,12.0,91.0
875788151754628,GRD-412-40,"4"" UNIVERSAL CAP",6.0,91.0
752642849443716,GRD-100-708,"2"" T-100 SYS 4 VALVE",3.0,92.0
3356286384017284,GRD-2334420,4X2 EXTRACTOR FITTING W/O CGE,2.0,92.0
4198512290893700,GRD-602329001,SUNP SHIELD BRACKET,11.0,92.0
1058307081965444,GRD-IP4000-1,INSPECTION PORT,2.0,92.0
8279899453198212,GRD-200254,"38"" LOCK WASHER",14.0,93.0
7719148523032452,GRD-201739,COLLAR KIT,3.0,93.0
961550058721156,GRD-201970,"3/8-16X1-1/2"" BOLTS",14.0,93.0
5309019034947460,GRD-85031-1,RING FOR PHIL TITE BUCKET,8.0,94.0
3046224104984452,GRD-VAR75,"3/4"" NPT COVERTER",38.0,94.0
1438738105175940,GRD-410165-001,RJ CONNECTOR KIT,4.0,95.0
3690537918861188,GRD-410484-001,RJ SCREW KIT,2.0,95.0
1931319314419588,GRD-880-051-1,RJ CONTROLD BOX,2.0,95.0
2835117872451460,GRD-RJ880-047,RJ ISO BOX AND BOARD,2.0,95.0
3409062942150532,GRD-323-001-5,RJ Functional EL Adj,8.0,96.0
2564638012018564,GRD-410152-001,CK VALVE ORING KIT,3.0,96.0
20368105344900,GRD-RJ-144-091-5,17' WIRE HARNESS,5.0,96.0
8693315825241988,GRD-RJ072-107-1,RJ CHECK VALVE O-RING,2.0,96.0
530541500632964,GRD-RJ072-108-1,RJ ORING 433 BUNNA,1.0,96.0
5034141128003460,GRD-RJ072-189-1,RJ Pumphead O-Ring,1.0,96.0
583318058766212,GRD-RJ313-002-5,Connector Yoke Assy,6.0,96.0
7239761453322116,GIL-K88745,DIAPHRAM SPRING,2.0,97.0
8889028894986116,GIL-N16599-45,Adv Noz Hook Washer,4.0,97.0
2872501267795844,GIL-Q10226-06SP,Adv Noz Hook Spring,6.0,97.0
3354087360761732,GRD-144-223-5,RJ CHECK VALVE & SPRING,2.0,97.0
1102287547076484,GRD-RJ026-110-1,"RJ 3/8"" SPARE LOCK WASHER",3.0,97.0
8420636941553540,GRD-RJ031-245-1,RJ FLANGE GASKET,7.0,97.0
5605887174446980,GRD-RJ031-328-1,RJ BOLT GASKET,4.0,97.0
2782341314318212,GRD-RJ072-190-1,RJ Capacitor O-Ring,2.0,97.0
1093491454054276,GRD-RJ111-092-5,Capicator 17.5,6.0,97.0
5597091081424772,GRD-RJ111-661-5,CAPACITOR 25 MFD,13.0,97.0
3345291267739524,GRD-RJ113-084-5,RJ CAPACITOR COVER,5.0,97.0
4523967732715396,GRD-RJ144-183-5,R J Check Valve,6.0,97.0
1146268012187524,GRD-RJ144-193-1,PACKER ORING,4.0,97.0
5649867639558020,GRD-RJ144-201-5,CONDUIT SEAL ASSEMBLY,1.0,97.0
3398067825872772,GRD-RJ172-003-5,RJ Funct EL O-Ring Kit,5.0,97.0
7901667453243268,GRD-RJ188-241-5,RJ Syphon Check Valve,12.0,97.0
952753965698948,GRD-P40-ROTO-LID,OBSERVATION LID,7.0,98.0
7508042290499460,GRD-104A-0800,"8"" MANHOLE",4.0,BLDG
1878542756286340,GRD-104A-1200,"12"" MANHOLE WITH LID OPW",3.0,BLDG
4130342569971588,GRD-104A-1800,"18"" MANHOLE LID",3.0,BLDG
8633942197342084,GRD-104A-1800WT,"18"" MANHOLE LID",4.0,BLDG
4954976290803588,GRD-104AOW-1200,"12"" OBSERVATION MANHOLE",2.0,BLDG
1808174012108676,GRD-15-0480,CURVED PUMP TOPPERS,12.0,BLDG
2652598942240644,GRD-180WT-LID,FAIRFIELD LID,2.0,BLDG
1681456184295300,GRD-1C-2100C-DEVR,5 GAL FILL/SPILL BUCKET W/DRAIN,1.0,BLDG
6808500602339204,GRD-202831-50-KIT,REPLACEMENT SECONDARY BKT W/50 SNSOR LEAD,1.0,BLDG
5326611220991876,GRD-206119,104A-1200WT LID,4.0,BLDG
6080876197646212,GRD-26INCHCOMPLETE,"26 INCH WATERTIGHT LID W/GASKET,RING",3.0,BLDG
1577276570275716,GRD-30INCHCOMPLETE,"RED XERXES 30"" LID",1.0,BLDG
4110551360671620,GRD-6110-24WT,"24"" RD MANHOLE RAINTITE",1.0,BLDG
6646025174323076,GRD-61SOP-4002,COAX DROP TUBE,2.0,BLDG
6857131406856068,GRD-65-1212,"12"" MONT LID",3.0,BLDG
946156895932292,GRD-708692901,WAWA OPV DROP TUBE KIT,2.0,BLDG
3620169174683524,GRD-818-307-01,EBW LID,1.0,BLDG
2703176477118340,GRD-871-HB125,HIGH HOSE RETRIEVER,2.0,BLDG
7206776104488836,GRD-98C00255,"FIBERGLASS LID CONTAINMENT 32-1/2""",1.0,BLDG
7279343871922052,GRD-A0716-018CL,EMCO WHEATON LID,1.0,BLDG
4147934756016004,GRD-D02238,OPW LID,2.0,BLDG
488760058777476,GRD-D02575M,5 GAL SHROUD BOOT,1.0,BLDG
3514616058417028,GRD-E00510M,"104A 12"" MANHOLD LID",1.0,BLDG
8018215685787524,GRD-E00512M,"104A 18"" OPW LID",3.0,BLDG
5203465918680964,GRD-E00515,"OPW 104A 12"" MONT LID",5.0,BLDG
7455265732366212,GRD-E00618,"CONQUISTADOR LID 39""",1.0,BLDG
6329365825523588,GRD-E00626,POMECO MANHOLE LID,3.0,BLDG
6470103313878916,GRD-FC-10-ORANGE,"FIBERLITE LID 10""",1.0,BLDG
8721903127564164,GRD-FC-10-WHITE,"FIBERLITE LID 10""",3.0,BLDG
2810928616640388,GRD-FC-11-WHITE,"11"" WHITE FILL LID",10.0,BLDG
7602600290488196,GRD-FL100BLACK,"40"" BLACK SEALED COVER",2.0,BLDG
4647113035026308,GRD-FL42BLACK-HD,FIBERLITE HEAVY DUTY,3.0,BLDG
706463361077124,GRD-FLMP-SB,MPS SHROUD KIT,3.0,BLDG
2676788198051716,GRD-FMP-LL3-131,LEAK DET/INV MAG LL3,1.0,BLDG
776832105254788,GRD-IC-2100C-PEVR,5 GAL VAP BUCKET,1.0,BLDG
7532231546310532,GRD-IC-3112D,EDGE DOUBLE WALL SPILL CONTAIN,1.0,BLDG
1902732012097412,GRD-IC-3112P,EDGE DOUBLE WALL BUCKET,2.0,BLDG
1304597686587268,GRD-OPW1-21AC,OPW Alum Spill Contain Lid,3.0,BLDG
8904422057774980,GRD-OPW71SO-410C,"4"" OPW DROP TUBE",9.0,BLDG
6300778523201412,GRD-OPWP761C-FLDV,FIBERLITE MULTIPORT,1.0,BLDG
4330453686226820,GRD-P761C-EVRDV,5 GAL BUCKET W DRAIN,3.0,BLDG
8834053313597316,GRD-P761C-EVRPL,5 GAL BUCKET W PLUG,3.0,BLDG
249066523922308,GRD-P761C-FLPL,SPILL BUCKET MULTIPORT,4.0,BLDG
6212817592979332,GRD-RTC-BLACK,BLACK OPW LID,5.0,BLDG
3961017779294084,GRD-RTC-ORANGE,ORANGE OPW SUMP COVER,2.0,BLDG
8464617406664580,GRD-RTC-RED,RED OPW SUMP LID COVER,1.0,BLDG
301843082055556,GRD-RTC-WHITE,WHITE OPW LID,2.0,BLDG
4805442709426052,GRD-RTR-BLACK,MULTI PORT STUD RING,3.0,BLDG
8206094455078788,GRD-RTR-WHITE,MULTIPORT STUD RING 15 GAL RT COVER RING,3.0,BLDG
3829076383960964,GRD-STPEXT-VL2(402075902),VARIABLE LENGTH #2 EXTRACTABLE,2.0,BLDG
653686802943876,GRD-TCLS-0033,Sump Cover w/Gasket,12.0,BLDG
8394248662486916,GRD-WTS37-16-EXT,"37"" WT FIBERLITE YELLOW LID",4.0,BLDG
6705398802222980,GRD-XXXE-LOCK RING,Lock Ring XERXES SUMP,3.0,BLDG
3714727174672260,IMG-09D016R,MHD PUMP TOPPER EXXON,5.0,BLDG
451376663433092,IMG-EBW781-304-01,"EBW F.L. 18"" LID",1.0,BLDG
4770258337337220,IMG-PT-85011-1,WAWA LID WITH ORING,1.0,BLDG
7505843267243908,VDR-846390-103,MAG PLUS PROBE,1.0,BLDG
1876343733030788,VDR-846390-107,8' MAG PROBE,4.0,BLDG
6379943360401284,VDR-846390-109,10' MAG PLUS,4.0,BLDG
4128143546716036,VDR-846390-110,10' MAG PLUS PROBE,4.0,BLDG
5319349038022532,VDR-846397-105,7' MAG PLUS 0.1,1.0,BLDG
7906778165084036,VDR-846397-107,8' MAG PLUS PROBE W/ALT FLUID,3.0,BLDG
8614150988042116,VDR-847390-104,6' MAG PROBE,1.0,BLDG
8154555127631748,GIL-LS-12,Lead Seal LS-12,155.0,GARAGE
3945624616505220,GIL-M01700B103S,EDGEBPORT,14.0,GARAGE
849399872688004,GIL-M02870B005BS,MODEM 56K PCI CARD,2.0,GARAGE
3101199686373252,GIL-M02870B010S,FAN CHASIS,1.0,GARAGE
1975299779530628,GIL-M02870B023R,REBUILT PP MOTHER BOARD,12.0,GARAGE
145712430911364,GIL-M02870B028,1GB RAM MEMORY STICK,6.0,GARAGE
8730699220586372,GIL-M02870B039,HARD DRIVE PASSPORT,2.0,GARAGE
8801067964764036,GIL-M06218A001,PUMP FEEDLINE ASSEMBLY,1.0,GARAGE
3417859035172740,GIL-M08037B010,CENTRAL PROCESSOR BOARD,1.0,GARAGE
6514083778989956,GIL-M09219B008,POWER SUPPLY 19V 180W,2.0,GARAGE
2432696616685444,GIL-M09747B001R,MOTHERBOARD,5.0,GARAGE
6936296244055940,GIL-M09747B002B,I/O STRIP BOARD,6.0,GARAGE
1306796709842820,GIL-M09747B003,COMPACT FLASH BOARD,5.0,GARAGE
5810396337213316,GIL-M09747B004,CEIERON PROCESSOR,2.0,GARAGE
3558596523528068,GIL-M09747B005,RAM,2.0,GARAGE
743846756421508,GIL-M09747B007,FAN,2.0,GARAGE
5247446383792004,GIL-M09747B008,POWER SUPPLY W/O CORD,4.0,GARAGE
4121546476949380,GIL-M09747B014B,COMPACT MEM FLASH,2.0,GARAGE
2151221639974788,GIL-M10996A001,24VDC POWER SUPPLY,4.0,GARAGE
1922523221397380,GIL-PA03440104R,TOUCH SCREEN,1.0,GARAGE
6426122848767876,GIL-PA03580004,APPLAUSE SERVER,1.0,GARAGE
515148337844100,GIL-PA0412000SUN4R,SUNOCO PIN PAD,1.0,GARAGE
1641048244686724,GIL-PA04210007111,MX19,8.0,GARAGE
5581697918635908,GIL-PA0435200032,BRCM .64 UNIVERSAL,1.0,GARAGE
8642738290364292,GIL-Q13086-103,235 WATT POWER SUPPLY,1.0,GARAGE
479963965755268,GIL-Q13178-08,POWER SUPPLY FOR PA0344007,5.0,GARAGE
4983563593125764,GIL-Q13178-10,POWER SUPPLY FOR PA0344104,1.0,GARAGE
5616882290724740,GIL-S704-60004FD,EDH SOFTWARE W PASSPORT,1.0,GARAGE
7868682104409988,GIL-S704-60024FDF,EDH SOFTWARE THUMBDRIVE,2.0,GARAGE
1227631872642948,GRD-654632,CISCO RV042 ROUTER,5.0,GARAGE
1896134942330756,GRD-CT-XL,7-11 SPEC PUMP TOPPER,8.0,GARAGE
2887894430584708,GRD-GY1X10MXM,"1"" X 10' MXM DIESEL HOSE",3.0,GARAGE
2852710058495876,GRD-M169-000-01-NAA,RUBY 2 CONSOLE,2.0,GARAGE
2641603825962884,GRD-P050-01-200,TOPAZ/RUBY CASH DRAWER,2.0,GARAGE
1374966430764932,GRD-PMA-150,1-1/2 HP Sump Motor,5.0,GARAGE
8130365871820676,GRD-PMA-75,3/4 HP SUMP MOTOR,4.0,GARAGE
812016477343620,GRD-PMA-VS-2,2HP Vari Speed Motor,4.0,GARAGE
6441516011556740,GRD-Q13708-08B,CISCO ROUTER,3.0,GARAGE
8218326802042756,IMG-10011R,FIRE BOX HAMMER,12.0,GARAGE
899977407565700,IMG-105-20-BOX,7-11 SPEC CABINET,7.0,GARAGE
6529476941778820,IMG-12055,7-11 SPEC FRAME,16.0,GARAGE
4277677128093572,IMG-12075,7-11 SPEC PANEL,18.0,GARAGE
8754888476397444,ALIGATOR CLIPS,ALIGATOR CLIPS,4.0,MISC
4939583128014724,GIL-T18186-G1,VAPOR CABLE,10.0,MISC
1047311965687684,GIL-K89761SP,H111 Bezel Glass Kit,1.0,OFFICE
8185341453209476,GIL-M16086B001,CARD CLEANER,11.0,OFFICE
1781785733042052,GIL-N22945-01,Crind Display Window,5.0,OFFICE
4878010476859268,GIL-N23143,Filler Plates,24.0,OFFICE
7516838383521668,GIL-Q12929-02,13 WT Fluorescent LP,1.0,OFFICE
3505819965394820,GIL-R15966-01,PPU Window Gasket Sm,49.0,OFFICE
8009419592765316,GIL-R15966-02,Window Gasket,11.0,OFFICE
691070198288260,GIL-R15966-03,Crind Window Gasket,3.0,OFFICE
5194669825658756,GIL-R16474-01,PPU Window,50.0,OFFICE
2722967686418308,GRD-106N-1100,#1 ID MARKER,8.0,OFFICE
7226567313788804,GRD-106N-2200,#2 ID MARKER,7.0,OFFICE
1597067779575684,GRD-106N-3300,#3 ID MARKER,5.0,OFFICE
6100667406946180,GRD-106N-4400,#4 CONCRETE ID MARKER,10.0,OFFICE
2177609919041412,GRD-DL40Z6PK,DRY LUBE,4.0,OFFICE
3092403593351044,GRD-EZ0853,POWER SUPPLY FLEX PAY 6,1.0,OFFICE
7250756569599876,GRD-IP0127,APC MODULE,7.0,OFFICE
1621257035386756,GRD-IP0156,"15"" SDC MODULE G7-100",1.0,OFFICE
6124856662757252,GRD-IP0160-001,SCC MODULE FLEXPAY 6,5.0,OFFICE
3873056849072004,GRD-IP0167-001,UPC MODULE + ZEBRA BCR,7.0,OFFICE
171665678794628,GRD-IP0171-001R,"G6-400 W/PRN, BLACK",1.0,OFFICE
8376656476442500,GRD-IP0179,ADA KEYPAD,3.0,OFFICE
6230409779023748,GRD-MN0133,7MM HEX STANDOFF,8.0,OFFICE
5931342616268676,GRD-SAFEWIPE,GRAFFITI WIPES,41.0,OFFICE
231474337877892,GRD-U-MS-76,7-11 SPEC E SHUT OFF SWITCH,11.0,OFFICE
5403577034936196,IMG-106DL-0095,DEISEL CONCRETE MARKER,11.0,OFFICE
3151777221250948,IMG-106P-0150,PREMIUM CONCRETE MARKER,8.0,OFFICE
7655376848621444,IMG-106U-0125,UNLEADED CONCRETE MARKER,3.0,OFFICE
2025877314408324,IMG-106UP-0125,MUL CONCRETE MARKER,7.0,OFFICE
8781276755464068,IMG-1TAG-1000-711,UNLEADED ID TAG 7-11,30.0,OFFICE
4699889593159556,IMG-1TAG-1010,UNLEADED TAG FOR 7-11,3.0,OFFICE
2448089779474308,IMG-1TAG-2000,MUL TAG,19.0,OFFICE
6951689406844804,IMG-1TAG-2010,MUL TAG W ZIP,3.0,OFFICE
1322189872631684,IMG-1TAG-3000-711,PUL ID TAG FOR 7-11,31.0,OFFICE
3573989686316932,IMG-1TAG-3010,PUL ID TAG FOR 7-11,3.0,OFFICE
8077589313687428,IMG-1TAG-4000,7-11 DSL SPILL BUCKET TAG,18.0,OFFICE
759239919210372,IMG-1TAG-4010,7-11 DSL TAG FOR INSIDE BUCKET,4.0,OFFICE
5262839546580868,IMG-1TAG-7000-711,VAPOR ID TAG FOR 711,49.0,OFFICE
7514639360266116,IMG-1TAG-7010,VAPOR ID TAG FOR 711,1.0,OFFICE
6318370709245828,IMG-787-400-01N,REG PHIL TITE ID TAG,19.0,OFFICE
4066570895560580,IMG-787-400-03N,PUL PHIL TITE ID TAG,23.0,OFFICE
8570170522931076,IMG-787-400-08N,VAPOR PHIL TITE ID TAG,15.0,OFFICE
8288695546220420,IMG-FL-FRP-ID-D,DIESEL ID TAG,10.0,OFFICE
970346151743364,IMG-FL-FRP-ID-PN,PUL FIBRELITE ID TAG,17.0,OFFICE
5473945779113860,IMG-FL-FRP-ID-RN,RUL FIBRELITE ID TAG,23.0,OFFICE
7303533127733124,MAY-#D-154,EM Shut Off Inside,5.0,OFFICE
1674033593520004,MAY-D-171,DECAL EMERGENCY SHUT-OFF,10.0,OFFICE
6177633220890500,MAY-M-53,EMERGENCY SHUTOFF SIGN,9.0,OFFICE
8933009360097156,GRD-DPC-2150A,"1.5"" DOUBLE WALL COUPLING",6.0,PW
5368392662847364,GRD-SBC-2150,"1.5"" SWIVEL BOLT ON COUPLING",4.0,PW
1412931715530628,GRD-SBC-2200,"2"" MALE DOUBLEWALL SWIVEL BOLT COUPLING",1.0,PW
4101755267649412,GRD-STPVS2-VL2,2 HP VARIABLE SPEED,2.0,SHOP
6362351174356868,GIL-869367-DR730,BROTHER DRUM-BLACK,1.0,TOTE ROOM
2806530570129284,GIL-M00489A007,CABLE LON BUS,6.0,TOTE ROOM
57751500689284,GIL-Q10066-18,ECO METER ORING,15.0,TOTE ROOM
3224344988684164,GIL-R19152-G1,Cable CND Logic/Disply,8.0,TOTE ROOM
7727944616054660,GIL-R19152-G2,Logic to Display Cab,8.0,TOTE ROOM
831807686643588,GIL-R19666-G1,V/V DATA CABLE,10.0,TOTE ROOM
6733986104545156,GRD-264137,GSM SPARKY CABLE 10FT,1.0,TOTE ROOM
6591049592934276,GRD-604349-TN730,BROTHER TONER-BLACK,3.0,TOTE ROOM
8165550243909508,GRD-FE-VFC,Vari. Freq. Controller,4-R/2-W,TOTE ROOM
5737828569780100,GRD-OPW-E00510M,"104A 12"" OPW LID",2.0,bldg
